-- --------------------------------------------------------
-- Servidor:                     127.0.0.1
-- Versão do servidor:           5.7.24 - MySQL Community Server (GPL)
-- OS do Servidor:               Win64
-- HeidiSQL Versão:              10.1.0.5464
-- --------------------------------------------------------

/*!40101 SET @OLD_CHARACTER_SET_CLIENT=@@CHARACTER_SET_CLIENT */;
/*!40101 SET NAMES utf8 */;
/*!50503 SET NAMES utf8mb4 */;
/*!40014 SET @OLD_FOREIGN_KEY_CHECKS=@@FOREIGN_KEY_CHECKS, FOREIGN_KEY_CHECKS=0 */;
/*!40101 SET @OLD_SQL_MODE=@@SQL_MODE, SQL_MODE='NO_AUTO_VALUE_ON_ZERO' */;


-- Copiando estrutura do banco de dados para ecommerce
CREATE DATABASE IF NOT EXISTS `ecommerce` /*!40100 DEFAULT CHARACTER SET utf8 */;
USE `ecommerce`;

-- Copiando estrutura para tabela ecommerce.admin
CREATE TABLE IF NOT EXISTS `admin` (
  `id` int(11) NOT NULL AUTO_INCREMENT,
  `user` varchar(100) NOT NULL DEFAULT '0',
  `senha` varchar(32) NOT NULL DEFAULT '0',
  PRIMARY KEY (`id`)
) ENGINE=InnoDB AUTO_INCREMENT=4 DEFAULT CHARSET=utf8;

-- Copiando dados para a tabela ecommerce.admin: ~2 rows (aproximadamente)
/*!40000 ALTER TABLE `admin` DISABLE KEYS */;
INSERT INTO `admin` (`id`, `user`, `senha`) VALUES
	(2, 'admin', '30f94b9363608402e43f7490ac154243'),
	(3, 'tiburcio', 'f672fc05de358ec33ccb4c108b401cc5');
/*!40000 ALTER TABLE `admin` ENABLE KEYS */;

-- Copiando estrutura para tabela ecommerce.ajustes_loja
CREATE TABLE IF NOT EXISTS `ajustes_loja` (
  `id` int(11) unsigned zerofill NOT NULL AUTO_INCREMENT,
  `titulo` varchar(100) NOT NULL,
  `descricao` varchar(300) DEFAULT NULL,
  `email_comercial` varchar(300) DEFAULT NULL,
  `email_sac` varchar(300) DEFAULT NULL,
  `cnpj` varchar(15) DEFAULT NULL,
  `endereco` varchar(150) DEFAULT NULL,
  `cep` varchar(9) DEFAULT NULL,
  `url` varchar(200) NOT NULL,
  `icone` varchar(200) DEFAULT NULL,
  `sobre_nos` text,
  `politica_privacidade` text,
  `trocas_devolucoes` text,
  `politica_garantia` text,
  `como_comprar` text,
  `url_facebook` varchar(200) DEFAULT NULL,
  `capa_facebook` varchar(200) DEFAULT NULL,
  `avatar_facebook` varchar(200) DEFAULT NULL,
  `url_instagram` varchar(200) DEFAULT NULL,
  `capa_instagram` varchar(200) DEFAULT NULL,
  `avatar_instagram` varchar(200) DEFAULT NULL,
  `url_linkedin` varchar(200) DEFAULT NULL,
  `capa_linkedin` varchar(200) DEFAULT NULL,
  `avatar_linkedin` varchar(200) DEFAULT NULL,
  `url_youtube` varchar(200) DEFAULT NULL,
  `capa_youtube` varchar(200) DEFAULT NULL,
  `avatar_youtube` varchar(200) DEFAULT NULL,
  PRIMARY KEY (`id`)
) ENGINE=MyISAM DEFAULT CHARSET=latin1;

-- Copiando dados para a tabela ecommerce.ajustes_loja: 0 rows
/*!40000 ALTER TABLE `ajustes_loja` DISABLE KEYS */;
/*!40000 ALTER TABLE `ajustes_loja` ENABLE KEYS */;

-- Copiando estrutura para tabela ecommerce.brands
CREATE TABLE IF NOT EXISTS `brands` (
  `id` int(11) unsigned NOT NULL AUTO_INCREMENT,
  `name` varchar(100) NOT NULL DEFAULT '',
  `telefone` varchar(32) DEFAULT NULL,
  `celular` varchar(32) DEFAULT NULL,
  `address` varchar(200) DEFAULT NULL,
  `email` varchar(100) DEFAULT NULL,
  `slug` varchar(255) DEFAULT NULL,
  `img` varchar(255) DEFAULT NULL,
  PRIMARY KEY (`id`)
) ENGINE=InnoDB AUTO_INCREMENT=30 DEFAULT CHARSET=utf8;

-- Copiando dados para a tabela ecommerce.brands: ~6 rows (aproximadamente)
/*!40000 ALTER TABLE `brands` DISABLE KEYS */;
INSERT INTO `brands` (`id`, `name`, `telefone`, `celular`, `address`, `email`, `slug`, `img`) VALUES
	(3, 'Save Energy', '', '', '', '', 'save-energy', 'save-energy.png'),
	(4, 'New Line', '', '', '', '', 'new-line', 'logo-newline-site2017.png'),
	(5, 'Forma da Luz', '', '', '', '', 'forma-da-luz', 'forma-da-luz.png'),
	(6, 'Bella Illuminação', '', '', '', '', 'bella-illuminacao', 'logo-bella-iluminacao.png'),
	(7, 'Bella Italia', '', '', '', '', 'bella-italia', 'bella-italia.png'),
	(8, 'Hansa', '', '', '', '', 'hansa', 'logo-hansa-amarelo-topo.png'),
	(9, 'Munclair', '', '', '', '', 'munclair', 'logo-munclair.png'),
	(10, 'Philips', '', '', '', '', 'philips', 'Philips_brand_logo_all_BR.png'),
	(11, 'Blumenox', '', '', '', '', 'blumenox', 'blumenox.png'),
	(12, 'Piuluce', '', '', '', '', 'piuluce', 'piuluce.png'),
	(13, 'Rioprelustres', '', '', '', '', 'rioprelustres', 'rioprelustres.png'),
	(14, 'Incolustre', '', '', '', '', 'incolustre', 'incolustre.png'),
	(15, 'Belly Lustres', '', '', '', '', 'belly-lustres', 'belly-lustres.png'),
	(16, 'Bronzeart', '', '', '', '', 'bronzeart', 'bronzeart.png'),
	(17, 'Lustres Ideal', '', '', '', '', 'lustres-ideal', 'lustres-ideal.jpg'),
	(18, 'Altaluce', '', '', '', '', 'altaluce', 'altaluce.png'),
	(19, 'Stella Design', '', '', '', '', 'stella-design', 'stella-design.png'),
	(20, 'Metaldomado', '', '', '', '', 'metaldomado', 'metaldomado.png'),
	(21, 'New Line Imports', '', '', '', '', 'new-line-imports', 'logo-newline-site2017.png'),
	(22, 'Dimlux', '', '', '', '', 'dimlux', 'dimlux.png'),
	(23, 'Mantra', '', '', '', '', 'mantra', 'mantra.png'),
	(24, 'Interlight', '', '', '', '', 'interlight', 'interlight.png'),
	(25, 'Hunter', '', '', '', '', 'hunter', NULL),
	(26, 'Premier', '11 36666220', '0000000000', 'Rua Marques de itu, 266', 'illuminart@illuminart.com.br', 'premier', NULL),
	(27, 'Itamonte', '', '', '', '', 'itamonte', NULL),
	(28, 'Brilia', '', '', '', '', 'brilia', NULL),
	(29, 'New Line/Usina', '000000000', '000000000', '0000000000', '0000@gmail.com', 'new-line-usina', NULL);
/*!40000 ALTER TABLE `brands` ENABLE KEYS */;

-- Copiando estrutura para tabela ecommerce.categories
CREATE TABLE IF NOT EXISTS `categories` (
  `id` int(11) unsigned NOT NULL AUTO_INCREMENT,
  `sub` int(11) DEFAULT NULL,
  `name` varchar(100) NOT NULL DEFAULT '',
  `slug` varchar(250) DEFAULT NULL,
  `img` varchar(250) DEFAULT NULL,
  `description` tinytext,
  PRIMARY KEY (`id`)
) ENGINE=InnoDB AUTO_INCREMENT=58 DEFAULT CHARSET=utf8;

-- Copiando dados para a tabela ecommerce.categories: ~40 rows (aproximadamente)
/*!40000 ALTER TABLE `categories` DISABLE KEYS */;
INSERT INTO `categories` (`id`, `sub`, `name`, `slug`, `img`, `description`) VALUES
	(16, NULL, 'Lustres e Pendentes', 'lustres-e-pendentes', 'lustres.png', 'Lustres e Pendentes para sua Casa? Temos as mais belas peças, com preços e variedade excelentes!'),
	(17, 16, 'Cristal', 'lustres-e-pendentes-cristal', NULL, 'Lustres e Pendentes de cristais, brilhantes, elegantes e que valorizam muito sua decoração!'),
	(18, 16, 'Alumínio/Metal', 'lustres-e-pendentes-aluminio-metal', NULL, NULL),
	(19, 16, 'Tecido', 'lustres-e-pendentes-tecido', NULL, NULL),
	(20, 16, 'Vidro', 'lustres-e-pendentes-vidro', NULL, NULL),
	(21, 16, 'Madeira', 'lustres-e-pendentes-madeira', NULL, NULL),
	(22, NULL, 'Arandelas e Balizadores', 'arandelas-e-balizadores', 'arandelas.png', NULL),
	(23, 22, 'Internos', 'arandelas-e-balizadores-internos', NULL, NULL),
	(24, 22, 'Externos', 'arandelas-e-balizadores-externos', NULL, NULL),
	(25, NULL, 'Plafon', 'plafon', 'plafons.png', NULL),
	(26, 25, 'Sobrepor', 'plafon-sobrepor', NULL, NULL),
	(27, 25, 'Embutir', 'plafon-embutir', NULL, NULL),
	(28, NULL, 'Spots', 'spots', 'spots.png', NULL),
	(29, 28, 'Sobrepor', 'spots-sobrepor', NULL, NULL),
	(30, 28, 'Embutir', 'spots-embutir', NULL, NULL),
	(31, NULL, 'Linha Led', 'linha-led', 'linha-led.png', NULL),
	(32, 31, 'Plafon', 'plafon-linha-led', NULL, NULL),
	(35, 31, 'Spots', 'spots-linha-led', NULL, NULL),
	(36, 31, 'Arandelas e Balizadores', 'arandelas-e-balizadores-linha-led', NULL, NULL),
	(37, 31, 'Refletores', 'refletores-linha-led', NULL, NULL),
	(38, 31, 'Embutido de Solo e Espetos p/ Jardim', 'embutido-de-solo-linha-led', NULL, NULL),
	(39, NULL, 'Ventiladores', 'ventiladores', 'ventiladores.png', NULL),
	(40, NULL, 'Lampadas de Led', 'lampadas-de-led', 'lampadas-led.png', NULL),
	(41, 40, 'Bulbo', 'lampada-de-led-bulbo', NULL, NULL),
	(42, 40, 'Dicroica', 'lampada-de-led-dicroica', NULL, NULL),
	(43, 40, 'PAR20', 'lampada-de-led-par20', NULL, NULL),
	(44, 40, 'PAR30', 'lampada-de-led-par30', NULL, NULL),
	(45, 40, 'AR70', 'lampada-de-led-ar70', NULL, NULL),
	(46, 40, 'AR111', 'lampada-de-led-ar111', NULL, NULL),
	(47, 40, 'R7S', 'lampada-de-led-r7s', NULL, NULL),
	(48, 40, 'G9', 'lampada-de-led-g9', NULL, NULL),
	(49, 32, 'Sobrepor', 'plafon-linha-led-sobrepor', NULL, NULL),
	(50, 32, 'Embutir', 'plafon-linha-led-embutir', NULL, NULL),
	(51, 35, 'Sobrepor', 'spots-linha-led-sobrepor', NULL, NULL),
	(52, 35, 'Embutir', 'spots-linha-led-embutir', NULL, NULL),
	(53, 36, 'Internos', 'arandelas-e-balizadores-linha-led-internos', NULL, NULL),
	(54, 36, 'Externos', 'arandelas-e-balizadores-linha-led-externos', NULL, NULL),
	(55, NULL, 'Outlet', 'outlet', 'outlet.png', NULL),
	(56, 16, 'Acrílico', 'lustres-e-pendentes-acrilico', NULL, NULL),
	(57, 40, 'Vela E14', 'lampada-de-led-vela-e14', NULL, NULL);
/*!40000 ALTER TABLE `categories` ENABLE KEYS */;

-- Copiando estrutura para tabela ecommerce.coupons
CREATE TABLE IF NOT EXISTS `coupons` (
  `id` int(11) unsigned NOT NULL AUTO_INCREMENT,
  `name` varchar(100) NOT NULL DEFAULT '',
  `coupon_type` int(11) NOT NULL,
  `coupon_value` float NOT NULL,
  PRIMARY KEY (`id`)
) ENGINE=InnoDB DEFAULT CHARSET=utf8;

-- Copiando dados para a tabela ecommerce.coupons: ~0 rows (aproximadamente)
/*!40000 ALTER TABLE `coupons` DISABLE KEYS */;
/*!40000 ALTER TABLE `coupons` ENABLE KEYS */;

-- Copiando estrutura para tabela ecommerce.formas_pagamento
CREATE TABLE IF NOT EXISTS `formas_pagamento` (
  `id` int(3) unsigned NOT NULL AUTO_INCREMENT,
  `forma_pagamento` varchar(50) NOT NULL,
  `email` varchar(100) NOT NULL,
  `token` varchar(100) NOT NULL,
  `status` int(1) unsigned NOT NULL DEFAULT '0',
  PRIMARY KEY (`id`)
) ENGINE=MyISAM DEFAULT CHARSET=latin1;

-- Copiando dados para a tabela ecommerce.formas_pagamento: 0 rows
/*!40000 ALTER TABLE `formas_pagamento` DISABLE KEYS */;
/*!40000 ALTER TABLE `formas_pagamento` ENABLE KEYS */;

-- Copiando estrutura para tabela ecommerce.newsletter
CREATE TABLE IF NOT EXISTS `newsletter` (
  `news_id` int(11) NOT NULL AUTO_INCREMENT,
  `news_email` varchar(100) NOT NULL,
  PRIMARY KEY (`news_id`)
) ENGINE=InnoDB DEFAULT CHARSET=utf8;

-- Copiando dados para a tabela ecommerce.newsletter: ~0 rows (aproximadamente)
/*!40000 ALTER TABLE `newsletter` DISABLE KEYS */;
/*!40000 ALTER TABLE `newsletter` ENABLE KEYS */;

-- Copiando estrutura para tabela ecommerce.options
CREATE TABLE IF NOT EXISTS `options` (
  `id` int(11) unsigned NOT NULL AUTO_INCREMENT,
  `name` varchar(100) NOT NULL DEFAULT '',
  PRIMARY KEY (`id`)
) ENGINE=InnoDB AUTO_INCREMENT=25 DEFAULT CHARSET=utf8;

-- Copiando dados para a tabela ecommerce.options: ~24 rows (aproximadamente)
/*!40000 ALTER TABLE `options` DISABLE KEYS */;
INSERT INTO `options` (`id`, `name`) VALUES
	(1, 'Tipo de Luminária'),
	(2, 'Dimensões'),
	(3, 'Quant. de Lampadas'),
	(4, 'Soquete'),
	(5, 'Tipo de Lampada'),
	(6, 'Voltagem'),
	(7, 'Garantia'),
	(8, 'Cor do Led'),
	(9, 'Lúmens'),
	(10, 'Potência Watts'),
	(11, 'Sistema de Fixação'),
	(12, 'Equipamento'),
	(13, 'Tamanho da Corrente'),
	(14, 'Dimerizável'),
	(15, 'Ângulo de Ação'),
	(16, 'Normatizada INMETRO'),
	(17, 'Tonalidade de Cor'),
	(18, 'Cores Disponíveis'),
	(19, 'Materiais'),
	(20, 'Tipo de Lampada'),
	(21, 'Modelo'),
	(22, 'Potência'),
	(23, 'Área de utilização'),
	(24, 'Tipo');
/*!40000 ALTER TABLE `options` ENABLE KEYS */;

-- Copiando estrutura para tabela ecommerce.pages
CREATE TABLE IF NOT EXISTS `pages` (
  `id` int(11) unsigned NOT NULL AUTO_INCREMENT,
  `title` varchar(100) NOT NULL DEFAULT '',
  `body` text NOT NULL,
  PRIMARY KEY (`id`)
) ENGINE=InnoDB DEFAULT CHARSET=utf8;

-- Copiando dados para a tabela ecommerce.pages: ~0 rows (aproximadamente)
/*!40000 ALTER TABLE `pages` DISABLE KEYS */;
/*!40000 ALTER TABLE `pages` ENABLE KEYS */;

-- Copiando estrutura para tabela ecommerce.posts
CREATE TABLE IF NOT EXISTS `posts` (
  `post_id` int(11) unsigned NOT NULL AUTO_INCREMENT,
  `post_titulo` varchar(100) NOT NULL DEFAULT '',
  `post_subtitulo` varchar(200) NOT NULL DEFAULT '',
  `post_cat` int(11) NOT NULL,
  `post_texto` text NOT NULL,
  `post_data` timestamp NOT NULL DEFAULT CURRENT_TIMESTAMP,
  `post_url` varchar(200) NOT NULL DEFAULT '',
  `post_visitas` int(11) NOT NULL DEFAULT '0',
  PRIMARY KEY (`post_id`)
) ENGINE=InnoDB DEFAULT CHARSET=utf8;

-- Copiando dados para a tabela ecommerce.posts: ~0 rows (aproximadamente)
/*!40000 ALTER TABLE `posts` DISABLE KEYS */;
/*!40000 ALTER TABLE `posts` ENABLE KEYS */;

-- Copiando estrutura para tabela ecommerce.posts_cat
CREATE TABLE IF NOT EXISTS `posts_cat` (
  `post_cat_id` int(11) NOT NULL AUTO_INCREMENT,
  `post_cat_nome` varchar(100) NOT NULL DEFAULT '0',
  PRIMARY KEY (`post_cat_id`)
) ENGINE=InnoDB DEFAULT CHARSET=utf8;

-- Copiando dados para a tabela ecommerce.posts_cat: ~0 rows (aproximadamente)
/*!40000 ALTER TABLE `posts_cat` DISABLE KEYS */;
/*!40000 ALTER TABLE `posts_cat` ENABLE KEYS */;

-- Copiando estrutura para tabela ecommerce.posts_img
CREATE TABLE IF NOT EXISTS `posts_img` (
  `post_img_id` int(11) unsigned NOT NULL AUTO_INCREMENT,
  `post_img_post` int(11) NOT NULL,
  `post_img_url` varchar(100) NOT NULL DEFAULT '',
  PRIMARY KEY (`post_img_id`)
) ENGINE=InnoDB DEFAULT CHARSET=utf8;

-- Copiando dados para a tabela ecommerce.posts_img: ~0 rows (aproximadamente)
/*!40000 ALTER TABLE `posts_img` DISABLE KEYS */;
/*!40000 ALTER TABLE `posts_img` ENABLE KEYS */;

-- Copiando estrutura para tabela ecommerce.products
CREATE TABLE IF NOT EXISTS `products` (
  `id` int(11) unsigned NOT NULL AUTO_INCREMENT,
  `id_category` int(11) NOT NULL,
  `id_brand` int(11) NOT NULL,
  `code` varchar(250) DEFAULT NULL,
  `name` varchar(250) NOT NULL,
  `description` text NOT NULL,
  `stock` int(11) NOT NULL,
  `shipping_days` int(11) NOT NULL DEFAULT '0',
  `price` float NOT NULL,
  `price_from` float DEFAULT NULL,
  `rating` float NOT NULL,
  `featured` tinyint(1) NOT NULL,
  `sale` tinyint(1) NOT NULL,
  `bestseller` tinyint(1) NOT NULL,
  `new_product` tinyint(1) NOT NULL,
  `options` varchar(200) DEFAULT NULL,
  `colors` varchar(200) DEFAULT NULL,
  `sizes` varchar(200) DEFAULT NULL,
  `weight` float NOT NULL,
  `width` float NOT NULL,
  `height` float NOT NULL,
  `length` float NOT NULL,
  `diameter` float NOT NULL,
  `slug` varchar(100) NOT NULL,
  `status` tinyint(4) NOT NULL DEFAULT '0',
  `frete` int(1) NOT NULL DEFAULT '0',
  PRIMARY KEY (`id`)
) ENGINE=InnoDB AUTO_INCREMENT=167 DEFAULT CHARSET=utf8;

-- Copiando dados para a tabela ecommerce.products: ~163 rows (aproximadamente)
/*!40000 ALTER TABLE `products` DISABLE KEYS */;
INSERT INTO `products` (`id`, `id_category`, `id_brand`, `code`, `name`, `description`, `stock`, `shipping_days`, `price`, `price_from`, `rating`, `featured`, `sale`, `bestseller`, `new_product`, `options`, `colors`, `sizes`, `weight`, `width`, `height`, `length`, `diameter`, `slug`, `status`, `frete`) VALUES
	(1, 55, 7, 'PL2708-1', 'PLAFON ACRILICO LOTTA RETANGULAR 65X20CM', '<p>PLAFON EM ACRILICO BRILHANTE, COM BOA EFICIENCIA DE ILUMINA&Ccedil;&Atilde;O, USO INTERNO, RECOMENDADO PARA TODOS OS TIPOS AMBIENTES.</p>', 2, 15, 135.49, 150.55, 5, 0, 0, 0, 0, '1,2,3,4,5,6,7,18,19', NULL, NULL, 1.83, 24, 11, 68, 0, 'plafon-acrilico-lotta-retangular-65x20cm-826', 0, 0),
	(2, 26, 7, 'PL2700', 'PLAFON ACRILICO LOTTA QUADRADO 15X15CM', '<p>PLAFON EM ACRILICO BRILHANTE, COM BOA EFICIENCIA DE ILUMINA&Ccedil;&Atilde;O, USO INTERNO, RECOMENDADO PARA TODOS OS TIPOS DE AMBIENTE.</p>', 9, 15, 58.31, 64.78, 5, 0, 1, 0, 0, '1,2,3,4,5,6,7,18,19', NULL, NULL, 0.43, 18, 9, 18, 0, 'plafon-acrilico-lotta-quadrado-15x15cm-352', 0, 0),
	(3, 26, 7, 'PL2701', 'PLAFON ACRILICO LOTTA QUADRADO 20X20CM', '<p>PLAFON EM ACRILICO BRILHANTE, COM BOA EFICIENCIA DE ILUMINA&Ccedil;&Atilde;O, USO INTERNO, RECOMENDADO PARA TODOS OS TIPOS AMBIENTES.</p>', 7, 15, 77.49, 86.1, 5, 0, 1, 0, 0, '1,2,3,4,5,6,7,18,19', NULL, NULL, 0.67, 24, 10, 24, 0, 'plafon-acrilico-lotta-quadrado-20x20cm-324', 0, 0),
	(4, 26, 7, 'PL2703', 'PLAFON ACRILICO LOTTA QUADRADO 38X38CM', '<p>PLAFON EM ACRILICO BRILHANTE, COM BOA EFICIENCIA DE ILUMINA&Ccedil;&Atilde;O, USO INTERNO, RECOMENDADO PARA TODOS OS TIPOS AMBIENTES.</p>', 4, 15, 139.7, 155.22, 5, 0, 1, 0, 0, '1,2,3,4,5,6,7,19', NULL, NULL, 1.645, 42, 10, 42, 0, 'plafon-acrilico-lotta-quadrado-38x38cm-575', 0, 0),
	(5, 26, 7, 'PL2704', 'PLAFON ACRILICO LOTTA QUADRADO 48X48CM', '<p>PLAFON EM ACRILICO BRILHANTE, COM BOA EFICIENCIA DE ILUMINA&Ccedil;&Atilde;O, USO INTERNO, RECOMENDADO PARA TODOS OS TIPOS AMBIENTES.</p>', 7, 15, 211.72, 235.22, 5, 0, 1, 0, 0, '1,2,3,4,5,6,7,18,19', NULL, NULL, 2.51, 52, 10, 52, 0, 'plafon-acrilico-lotta-quadrado-48x48cm-518', 0, 0),
	(6, 26, 7, 'PL4606', 'PLAFON ACRILICO LED SOPHIE C/ CRISTAIS 38X38CM 3000K', '<p>PLAFON EM ACRILICO BRILHANTE COM CRISTAIS, DESIGN MODERNO QUE ALIA A MODERNIDADE DO CIRCUITO DE LED E A SOFISTICA&Ccedil;&Atilde;O DOS CRISTAIS.</p>', 2, 15, 809, 899, 5, 0, 0, 1, 0, '1,2,3,4,5,6,7,8,9,10,18,19', NULL, NULL, 2.16, 41, 8, 41, 0, 'plafon-acrilico-led-sophie-c-cristais-38x38cm-3000k-37', 0, 0),
	(7, 26, 7, 'PL4453', 'PLAFON ACRILICO LED ENDY COM ESPELHO 38X38CM 3000K', '<p>PLAFON EM ACRILICO BRILHANTE COM DETALHE ESPELHADO, DESIGN CONTEMPORANEO, ALIADO A MODERNIDADE DO CIRCUITO DE LED.</p>', 0, 15, 523.19, 581.32, 5, 0, 0, 0, 0, '1,2,3,4,5,6,7,8,9,10,18,19', NULL, NULL, 1.78, 41, 8, 41, 0, 'plafon-acrilico-led-endy-com-espelho-38x38cm-3000k-400', 0, 0),
	(8, 26, 7, 'PL4456', 'PLAFON ACRILICO LED ENDY COM ESPELHO 54X54CM 3000K', '<p>PLAFON EM ACRILICO BRILHANTE COM DETALHE ESPELHADO, DESIGN CONTEMPORANEO, ALIADO A MODERNIDADE DO CIRCUITO DE LED.</p>', 0, 15, 1008.4, 1120.44, 5, 0, 0, 0, 0, '1,2,3,4,5,6,7,8,9,10,18,19', NULL, NULL, 3.37, 64, 8, 64, 0, 'plafon-acrilico-led-endy-com-espelho-54x54cm-3000k-278', 0, 0),
	(9, 56, 7, 'PE6800', 'PENDENTE ACRILICO E MADEIRA  LOUISE WOOD 53CM DIAMETRO', '<p>PENDENTE ACRILICO COM DETALHE EM MADEIRA, COM BOA EFICIENCIA DE ILUMINA&Ccedil;&Atilde;O, UNE A MODERNIDADE DO ACRILICO COM A RUSTICIDADE DA MADEIRA.</p>', 0, 15, 705.77, 784.18, 5, 1, 0, 1, 0, '1,2,3,4,5,7,18,19', NULL, NULL, 4.32, 60, 57, 60, 0, 'pendente-acrilico-e-madeira-louise-wood-53cm-diametro-854', 0, 0),
	(10, 56, 7, 'PE1506BR', 'PENDENTE ACRILICO LUNA BRANCO 55CM DIAMETRO', '<p>PENDENTE EM ACRILICO BRILHANTE, COM TAMPO EM ACRILICO ACETINADO, UMA PE&Ccedil;A LIMPA E OBJETIVA, TRAZ REQUINTE E MODERNIDADE PARA O AMBIENTE.</p>', 3, 15, 672.12, 746.8, 5, 1, 0, 1, 0, '1,2,3,4,5,7,18,19', NULL, NULL, 3.1, 66, 36, 66, 0, 'pendente-acrilico-luna-branco-55cm-diametro-572', 0, 0),
	(11, 56, 7, 'PE1506PT', 'PENDENTE ACRILICO LUNA PRETO 55CM DIAMETRO', '<p>PENDENTE EM ACRILICO BRILHANTE, COM TAMPO EM ACRILICO ACETINADO, UMA PE&Ccedil;A LIMPA E OBJETIVA, TRAZ REQUINTE E MODERNIDADE PARA O AMBIENTE.</p>', 1, 15, 672.12, 746.8, 5, 1, 0, 1, 0, '1,2,3,4,5,7,18,19', NULL, NULL, 3.1, 66, 36, 66, 0, 'pendente-acrilico-luna-preto-55cm-diametro-220', 0, 0),
	(12, 55, 11, 'EC543Q', 'SPOT DE EMBUTIR QUADRADO ACRILICO TRANSPARENTE UNA SFERA', '<p>SPOT DE EMBUTIR, MODERNO E SOFISTICADO COM DETALHE EM ACRILICO CRISTAL,TRAZ BELEZA E REQUINTE AO AMBIENTE, VALORIZANDO SEU PROJETO.</p>', 4, 15, 52.49, 58.32, 5, 0, 1, 0, 0, '1,2,3,4,5,7,11,18,19', NULL, NULL, 0.36, 15, 15, 21, 0, 'spot-de-embutir-quadrado-acrilico-transparente-una-sfera-292', 0, 0),
	(13, 55, 11, 'PLN418', 'PLAFON  ACRILICO LEITOSO NADIR 20X20CM', '<p>PLAFON EM ACRILICO BRILHANTE, COM BOA EFICIENCIA DE ILUMINA&Ccedil;&Atilde;O,&nbsp; USO INTERNO, RECOMENDADO PARA TODOS OS TIPOS AMBIENTES.</p>', 6, 15, 76.15, 84.62, 5, 0, 1, 0, 0, '1,2,3,4,5,7,18,19', NULL, NULL, 0.72, 27, 12, 27, 0, 'plafon-acrilico-leitoso-nadir-20x20cm-535', 0, 0),
	(14, 55, 11, 'PLN405', 'PLAFON  ACRILICO LEITOSO NADIR 34X34CM ', '<p>PLAFON EM ACRILICO BRILHANTE, COM BOA EFICIENCIA DE ILUMINA&Ccedil;&Atilde;O,&nbsp; USO INTERNO, RECOMENDADO PARA TODOS OS TIPOS AMBIENTES.</p>', 0, 15, 142.39, 158.21, 5, 0, 1, 0, 0, '1,2,3,4,5,6,7,18,19', NULL, NULL, 1.46, 39, 13, 39, 0, 'plafon-acrilico-leitoso-nadir-34x34cm-978', 0, 0),
	(16, 55, 11, 'PLV 445', 'PLAFON ACRILICO VEGA 20X20CM', '<p>PLAFON EM ACRILICO BRILHANTE, COM BOA EFICIENCIA DE ILUMINA&Ccedil;&Atilde;O, USO INTERNO, RECOMENDADO PARA TODOS OS TIPOS AMBIENTES.</p>', 2, 15, 110.09, 122.33, 5, 0, 1, 0, 0, '1,2,3,4,5,6,7,18,19', NULL, NULL, 0.79, 27, 12, 27, 0, 'plafon-acrilico-vega-20x20cm-527', 0, 0),
	(17, 26, 12, '510BR', 'PLAFON QUADRADO METAL 17X17CM', '<p>PLAFON EM A&Ccedil;O COM DIFUSOR EM ACRILICO, SIMPLES E OBJETIVO ALIA A RUSTICIDADE DO A&Ccedil;O COM A LEVESA DO ACRILICO, USO INTERNO, RECOMENDADO PARA TODOS OS TIPOS AMBIENTES.</p>', 3, 15, 38.8, 43.11, 5, 0, 1, 0, 0, '1,2,3,4,5,6,7,18,19', NULL, NULL, 0.69, 18, 9, 18, 0, 'plafon-quadrado-metal-17x17cm-949', 0, 0),
	(18, 26, 12, '511BR', 'PLAFON QUADRADO METAL 23X23CM', '<p>PLAFON EM A&Ccedil;O COM DIFUSOR EM ACRILICO, SIMPLES E OBJETIVO ALIA A RUSTICIDADE DO A&Ccedil;O COM A LEVESA DO ACRILICO, USO INTERNO, RECOMENDADO PARA TODOS OS TIPOS AMBIENTES.</p>', 6, 15, 56.29, 62.55, 5, 0, 1, 0, 0, '1,2,3,4,5,6,7,18,19', NULL, NULL, 1.15, 25, 11, 25, 0, 'plafon-quadrado-metal-23x23cm-767', 0, 0),
	(19, 26, 12, '512BR', 'PLAFON QUADRADO METAL 30X30CM', '<p>PLAFON EM A&Ccedil;O COM DIFUSOR EM ACRILICO, SIMPLES E OBJETIVO ALIA A RUSTICIDADE DO A&Ccedil;O COM A LEVESA DO ACRILICO, USO INTERNO, RECOMENDADO PARA TODOS OS TIPOS AMBIENTES.</p>', 8, 15, 64.54, 71.71, 5, 0, 1, 0, 0, '1,2,3,4,5,6,7,18,19', NULL, NULL, 1.675, 32, 9, 32, 0, 'plafon-quadrado-metal-30x30cm-811', 0, 0),
	(20, 26, 12, '513BR', 'PLAFON QUADRADO METAL 40X40CM', '<p>PLAFON EM A&Ccedil;O COM DIFUSOR EM ACRILICO, SIMPLES E OBJETIVO ALIA A RUSTICIDADE DO A&Ccedil;O COM A LEVESA DO ACRILICO, USO INTERNO, RECOMENDADO PARA TODOS OS TIPOS AMBIENTES.</p>', 2, 15, 137.67, 152.97, 5, 0, 1, 0, 0, '1,2,3,4,5,6,7,18,19', NULL, NULL, 2.425, 41, 9, 41, 0, 'plafon-quadrado-metal-40x40cm-503', 1, 0),
	(21, 24, 13, 'AR213B', 'ARANDELA RETANGULAR 5 VIDROS 20X13X09 CM  BRANCA', '<p>ARANDELA RETANGULAR EM ALUMINIO, COM BOA EFICIENCIA DE ILUMINA&Ccedil;&Atilde;O,&nbsp; USO EXTERNO E INTERNO, RECOMENDADO PARA TODOS OS TIPOS AMBIENTES.</p>', 9, 15, 65.34, 72.61, 5, 0, 1, 0, 0, '1,2,3,4,5,6,7,19', NULL, NULL, 0.88, 10, 21, 14, 0, 'arandela-retangular-5-vidros-20x13x09-cm-branca-176', 0, 0),
	(22, 24, 13, 'AR213MARROM', 'ARANDELA RETANGULAR 5 VIDROS 20X13X09 CM MARROM', '<p>ARANDELA RETANGULAR EM ALUMINIO, COM BOA EFICIENCIA DE ILUMINA&Ccedil;&Atilde;O,&nbsp; USO EXTERNO E INTERNO, RECOMENDADO PARA TODOS OS TIPOS AMBIENTES.</p>', 1, 15, 65.34, 72.61, 5, 0, 1, 0, 0, '1,2,3,4,5,6,7,18,19', NULL, NULL, 0.88, 10, 21, 14, 0, 'arandela-retangular-5-vidros-20x13x09-cm-marrom-962', 0, 0),
	(23, 24, 14, '55272', 'ARANDELA TRIANGULAR AÇO 30X20X09CM BRANCA', '<p>ARANDELA TRIANGULAR EM A&Ccedil;O E VIDRO, COM BOA EFICIENCIA DE ILUMINA&Ccedil;&Atilde;O,&nbsp; USO EXTERNO E INTERNO, RECOMENDADO PARA TODOS OS TIPOS AMBIENTES.</p>', 0, 15, 74.67, 82.96, 5, 0, 1, 0, 0, '1,2,3,4,5,6,7,18,19', NULL, NULL, 1.1, 11, 32, 20, 0, 'arandela-triangular-aluminio-30x20x09cm-branca-111', 0, 0),
	(24, 24, 14, '55268', 'ARANDELA TRIANGULAR ALUMINIO 22X20X09CM BRANCA', '<p>ARANDELA TRIANGULAR EM ALUMINIO E VIDRO, COM BOA EFICIENCIA DE ILUMINA&Ccedil;&Atilde;O,&nbsp; USO EXTERNO E INTERNO, RECOMENDADO PARA TODOS OS TIPOS AMBIENTES.</p>', 3, 15, 60.05, 66.72, 5, 0, 1, 0, 0, '1,2,3,4,5,6,7,18,19', NULL, NULL, 0.79, 11, 24, 20, 0, 'arandela-triangular-aluminio-22x20x09cm-branca-232', 0, 0),
	(25, 24, 14, '55272', 'ARANDELA TRIANGULAR ALUMINIO 30X20X09CM TABACO', '<p>ARANDELA TRIANGULAR EM ALUMINIO E VIDRO, COM BOA EFICIENCIA DE ILUMINA&Ccedil;&Atilde;O,&nbsp; USO EXTERNO E INTERNO, RECOMENDADO PARA TODOS OS TIPOS AMBIENTES.</p>', 1, 15, 74.67, 82.96, 5, 0, 1, 0, 0, '1,2,3,4,5,6,7,18,19', NULL, NULL, 1.1, 11, 32, 20, 0, 'arandela-triangular-aluminio-30x20x09cm-tabaco-145', 1, 0),
	(26, 24, 14, '55283', 'ARANDELA TRIANGULAR ALUMINIO 22X20X09CM TABACO', '<p>ARANDELA TRIANGULAR EM ALUMINIO E VIDRO, COM BOA EFICIENCIA DE ILUMINA&Ccedil;&Atilde;O,&nbsp; USO EXTERNO E INTERNO, RECOMENDADO PARA TODOS OS TIPOS AMBIENTES.</p>', 1, 15, 54.81, 60.9, 5, 0, 1, 0, 0, '1,2,3,4,5,6,7,18,19', NULL, NULL, 0.79, 11, 24, 20, 0, 'arandela-triangular-aluminio-22x20x09cm-tabaco-501', 0, 0),
	(27, 24, 14, 'ARMINI2ABR', 'ARANDELA RETANGULAR MINI ALUMINIO 23X12X07CM BRANCA', '<p>ARANDELA RETANGULAR EM ALUMINIO, COM BOA EFICIENCIA DE ILUMINA&Ccedil;&Atilde;O,&nbsp; USO EXTERNO E INTERNO, RECOMENDADO PARA TODOS OS TIPOS AMBIENTES.</p>', 17, 15, 64.95, 72.17, 5, 0, 1, 0, 0, '1,2,3,4,5,6,7,18,19', NULL, NULL, 0.67, 13, 8, 25, 0, 'arandela-retangular-mini-aluminio-23x12x07cm-branca-437', 0, 0),
	(28, 55, 15, 'E-084PT', 'LUMINARIA DE EMBUTIR QUADRADA PRETA 16CM', '<p>LUMINARIA COMERCIAL EM ALUMINIO E VIDRO COM 01 LAMPADA</p>', 6, 15, 26.96, 28.38, 5, 0, 1, 0, 0, '1,2,3,4,5,6,7,9,10,11,12,18,19', NULL, NULL, 0.535, 10, 19, 18, 0, 'luminaria-de-embutir-quadrada-preta-16cm-3', 0, 0),
	(29, 55, 15, 'E-080B', 'LUMINARIA DE EMBUTIR QUADRADA BRANCA', '<p>LUMINARIA COMERCIAL EM ALUMINIO E VIDRO COM 02 LAMPADAS</p>', 6, 15, 26.96, 28.38, 5, 0, 0, 0, 0, '1,2,3,4,5,6,7,9,10,11,12,18,19', NULL, NULL, 1.105, 12, 28, 17, 0, 'luminaria-de-embutir-quadrada-branca-407', 0, 0),
	(30, 55, 16, 'EY0106BC', 'ARANDELA EFEITO BRANCA', '<p>ARANDELA DE SOBREPOR EM FORMA DE CONCHA, COM EFEITO INDIRETO</p>', 2, 15, 20.99, 23.33, 5, 0, 0, 0, 0, '1,2,3,4,5,6,7,18,19', NULL, NULL, 0.445, 13, 12, 14, 0, 'arandela-efeito-branca-782', 0, 0),
	(31, 55, 17, 'L3B', 'ARANDELA SEXTAVADA PT', '<p>ARANDELA SEXTAVADA EM A&Ccedil;O E VIDRO, COM BOA EFICIENCIA DE ILUMINA&Ccedil;&Atilde;O,&nbsp; USO EXTERNO E INTERNO, RECOMENDADO PARA TODOS OS TIPOS AMBIENTES.</p>', 2, 15, 33.43, 37.15, 5, 0, 0, 0, 0, '1,2,3,4,5,6,7,18,19', NULL, NULL, 1.425, 25, 21, 41, 0, 'arandela-sextavada-pt-813', 0, 0),
	(32, 55, 17, '227', 'ARANDELA BRANCA COM VIDRO', '<p>ARANDELA LUNAR EM A&Ccedil;O E VIDRO, COM BOA EFICIENCIA DE ILUMINA&Ccedil;&Atilde;O,&nbsp; USO EXTERNO E INTERNO, RECOMENDADO PARA TODOS OS TIPOS AMBIENTES.</p>', 2, 15, 123.54, 137.26, 5, 0, 0, 0, 0, '1,2,3,4,5,6,7,18,19', NULL, NULL, 2.385, 29, 39, 35, 0, 'arandela-branca-com-vidro-429', 0, 0),
	(33, 55, 17, 'L5C', 'PENDENTE DE FERRO COM CORRENTE PRETO', '<p>PENDENTE RETRO ESTILO LANTERNA COM CORRENTE</p>', 1, 15, 28.25, 31.39, 5, 0, 0, 0, 0, '1,2,3,4,5,6,7,18,19', NULL, NULL, 1.42, 21, 21, 29, 0, 'pendente-de-ferro-com-corrente-preto-923', 0, 0),
	(34, 55, 17, '284', 'ARANDELA TRIANGULAR BRANCA', '<p>ARANDELA TRIANGULAR EM A&Ccedil;O E VIDRO, COM BOA EFICIENCIA DE ILUMINA&Ccedil;&Atilde;O,&nbsp; USO EXTERNO E INTERNO, RECOMENDADO PARA TODOS OS TIPOS AMBIENTES.</p>', 6, 15, 49.68, 55.2, 5, 0, 0, 0, 0, '1,2,3,4,5,6,7,18,19', NULL, NULL, 1.37, 14, 26, 23, 0, 'arandela-triangular-branca-386', 0, 0),
	(35, 55, 17, '285', 'ARANDELA TRIANGULAR PRETA', '<p>ARANDELA TRIANGULAR EM ALUMINIO E VIDRO, COM BOA EFICIENCIA DE ILUMINA&Ccedil;&Atilde;O,&nbsp; USO EXTERNO E INTERNO, RECOMENDADO PARA TODOS OS TIPOS AMBIENTES.</p>', 1, 15, 49.68, 55.2, 5, 0, 0, 0, 0, '1,2,3,4,5,6,7,18,19', NULL, NULL, 0.96, 11, 32, 20, 0, 'arandela-triangular-preta-54', 1, 0),
	(36, 26, 18, '2038/40CL', 'PLAFON LUIGI CRISTAL TRANSPARENTE', '<p>PLAFON COM CRISTAIS TRANSLUCIDOS, MODERNO E SOFISTICADO,TRAZ BELEZA E REQUINTE AO AMBIENTE COM O BRILHO DOS CRISTAIS, VALORIZANDO SEU PROJETO.</p>', 1, 15, 1253.14, 1392.38, 5, 0, 1, 0, 0, '1,2,3,4,5,6,7,18,19', NULL, NULL, 5, 43, 14, 44, 0, 'plafon-luigi-cristal-transparente-989', 0, 0),
	(37, 55, 6, 'YD795', 'EMBUTIDO DOWN LIGHT QUADRADO CROMADO COM CRISTAL PIRAMIDE', '<p>SPOT DE EMBUTIR, MODERNO E SOFISTICADO COM DELATLHE EM CRISTAL, TRAZ BELEZA E REQUINTE AO AMBIENTE, VALORIZANDO SEU PROJETO.</p>', 4, 15, 57.91, 64.34, 5, 0, 0, 0, 0, '1,2,3,4,5,6,7,11,18,19', NULL, NULL, 0.245, 9, 8, 13, 0, 'embutido-down-light-quadrado-cromado-com-cristal-piramide-729', 0, 0),
	(38, 55, 19, 'SD4010', 'EMBUTIDO COM CRISTAL QUADRADO', '<p>SPOT DE EMBUTIR, MODERNO E SOFISTICADO COM DELATLHE EM CRISTAL,TRAZ BELEZA E REQUINTE AO AMBIENTE, VALORIZANDO SEU PROJETO.</p>', 8, 15, 83.1, 92.34, 5, 0, 0, 0, 0, '1,2,3,4,5,6,7,10,11,12,18,19', NULL, NULL, 0.25, 6, 7, 9, 0, 'embutido-com-cristal-quadrado-266', 0, 0),
	(39, 17, 19, 'SD9810/08', 'LUSTRE DE CRISTAL RAFINNATO COM 8 BRAÇOS 68X56 CM', '<p>LUSTRE DE CRISTAL TRANSLUCIDO, CLASSICO NO ESTILO MARIA TEREZA, TRAS REQUINTE E GLAMOUR AO AMBIENTE.</p>', 0, 15, 1121.49, 1246.1, 5, 1, 0, 1, 0, '1,2,3,4,5,6,7,13,18,19', NULL, NULL, 10, 55, 28, 58, 0, 'lustre-de-cristal-rafinnato-com-8-bracos-68x56-cm-552', 0, 0),
	(40, 17, 19, 'SD9810/12', 'LUSTRE DE CRISTAL RAFINNATO COM 12 BRAÇOS 73X61 CM', '<p>LUSTRE DE CRISTAL TRANSLUCIDO, CLASSICO NO ESTILO MARIA TEREZA, TRAS REQUINTE E GLAMOUR AO AMBIENTE.</p>', 1, 15, 1682.27, 1869.19, 5, 1, 0, 0, 0, '1,2,3,4,5,6,7,13,18,19', NULL, NULL, 14.5, 63, 28, 73, 0, 'lustre-de-cristal-rafinnato-com-8-bracos-73x61-cm-703', 0, 0),
	(41, 55, 20, '60175.02', 'ARANDELA TRIANGULAR ALUMINIO 24X20X09CM BRANCA', '<p>ARANDELA TRIANGULAR EM ALUMINIO E VIDRO, COM BOA EFICIENCIA DE ILUMINA&Ccedil;&Atilde;O, USO EXTERNO E INTERNO, RECOMENDADO PARA TODOS OS TIPOS AMBIENTES.</p>', 2, 15, 59.98, 66.65, 5, 0, 0, 0, 0, '1,2,3,4,5,6,7,18,19', NULL, NULL, 0.775, 15, 14, 27, 0, 'arandela-triangular-aluminio-24x20x09cm-branca-850', 0, 0),
	(42, 24, 20, '5227.01', 'ARANDELA GALA CROMADA 27X10', '<p>ARANDELA GALA EM ALUMINIO E VIDRO, COM BOA EFICIENCIA DE ILUMINA&Ccedil;&Atilde;O, USO INTERNO, LEVESA E SOFISTICA&Ccedil;&Atilde;O NO ESTILO CLASSICO.</p>', 0, 15, 119.27, 132.52, 5, 0, 1, 0, 0, '1,2,3,4,5,6,7,18,19', NULL, NULL, 0.69, 15, 12, 35, 0, 'arandela-gala-cromada-27x10-814', 1, 0),
	(43, 20, 20, '5229.06', 'PENDENTE GALA TITANIO 25CM', '<p>PENDENTE GALA EM ALUMINIO E VIDRO, COM BOA EFICIENCIA DE ILUMINA&Ccedil;&Atilde;O, USO INTERNO, LEVESA E SOFISTICA&Ccedil;&Atilde;O NO ESTILO CLASSICO.</p>', 5, 15, 98.01, 108.9, 5, 0, 1, 0, 0, '1,2,3,4,5,6,7,18,19', NULL, NULL, 0.695, 22, 13, 28, 0, 'pendente-gala-titanio-25cm-66', 0, 0),
	(44, 23, 20, '60101.02', 'ARANDELA HERA 26CM', '<p>ARANDELA HERA EM ALUMINIO E VIDRO, COM BOA EFICIENCIA DE ILUMINA&Ccedil;&Atilde;O, DE USO INTERNO, TRAZ LEVESA E SOFISTICA&Ccedil;&Atilde;O NO ESTILO CLASSICO.</p>', 0, 15, 85.36, 94.85, 5, 0, 1, 0, 0, '1,2,3,4,5,6,7,18,19', NULL, NULL, 0.75, 21, 13, 36, 0, 'arandela-hera-26cm-821', 0, 0),
	(45, 23, 20, '60117.02', 'ARANDELA HERA 40CM', '<p>ARANDELA HERA EM ALUMINIO E VIDRO, COM BOA EFICIENCIA DE ILUMINA&Ccedil;&Atilde;O, DE USO INTERNO, TRAZ LEVESA E SOFISTICA&Ccedil;&Atilde;O NO ESTILO CLASSICO.</p>', 2, 15, 133.75, 148.61, 5, 0, 1, 0, 0, '1,2,3,4,5,6,7,18,19', NULL, NULL, 0.89, 21, 13, 43, 0, 'arandela-hera-40cm-735', 0, 0),
	(46, 23, 20, '60118.02', 'ARANDELA HERA 60CM', '<p>ARANDELA HERA EM ALUMINIO E VIDRO, COM BOA EFICIENCIA DE ILUMINA&Ccedil;&Atilde;O, DE USO INTERNO, TRAZ LEVESA E SOFISTICA&Ccedil;&Atilde;O NO ESTILO CLASSICO.</p>', 0, 15, 182.89, 203.21, 5, 0, 1, 0, 0, '1,2,3,4,5,6,7,18,19', NULL, NULL, 1.52, 22, 13, 63, 0, 'arandela-hera-60cm-435', 0, 0),
	(48, 55, 20, '5243.02', 'PLAFON QUADRO BRANCO 40X40CM', '<p>PLAFON EM METAL E VIDRO, COM A FUNCIONALIDADE DO VIDRO TRAZ UMA ILUMINA&Ccedil;&Atilde;O AGRAD&Aacute;VEL E SOFISTICADA.</p>', 2, 15, 73.49, 81.65, 5, 0, 0, 0, 0, '1,2,3,4,5,6,7,18,19', NULL, NULL, 2.95, 45, 10, 45, 0, 'plafon-quadro-branco-40x40cm-19', 0, 0),
	(49, 55, 20, '380', 'PLAFON QUADRADO CAFE 16X16CM', '<p>PLAFON EM METAL E VIDRO, COM A FUNCIONALIDADE DO VIDRO TRAZ UMA ILUMINA&Ccedil;&Atilde;O AGRAD&Aacute;VEL E SOFISTICADA.</p>', 2, 15, 36.02, 40.02, 5, 0, 0, 0, 0, '1,2,3,4,5,6,7,18,19', NULL, NULL, 0.61, 18, 8, 18, 0, 'plafon-quadrado-cafe-16x16cm-173', 0, 0),
	(50, 55, 20, '5126', 'PLAFON QUADRADO BRANCO 20X20CM', '<p>PLAFON EM METAL E VIDRO, COM A FUNCIONALIDADE DO VIDRO TRAZ UMA ILUMINA&Ccedil;&Atilde;O AGRAD&Aacute;VEL E SOFISTICADA.</p>', 1, 15, 53.82, 59.8, 5, 0, 0, 0, 0, '1,2,3,4,5,6,7,18,19', NULL, NULL, 1.075, 21, 8, 21, 0, 'plafon-quadrado-branco-20x20cm-497', 0, 0),
	(51, 55, 20, '381', 'PLAFON QUADRADO BRANCO VIDRO REDONDO JATEADO 20X20CM', '<p>PLAFON EM METAL E VIDRO, COM A FUNCIONALIDADE DO VIDRO TRAZ UMA ILUMINA&Ccedil;&Atilde;O AGRAD&Aacute;VEL E SOFISTICADA.</p>', 2, 15, 53.82, 59.8, 5, 0, 0, 0, 0, '1,2,3,4,5,6,7,18,19', NULL, NULL, 1.095, 20, 8, 20, 0, 'plafon-quadrado-branco-vidro-redondo-jateado-20x20cm-30', 0, 0),
	(52, 55, 20, '514', 'ARANDELA TRIANGULAR ALUMINIO 23X18X10CM BRANCA', '<p>ARANDELA TRIANGULAR EM ALUMINIO E VIDRO, COM BOA EFICIENCIA DE ILUMINA&Ccedil;&Atilde;O, USO EXTERNO E INTERNO, RECOMENDADO PARA TODOS OS TIPOS AMBIENTES.</p>', 5, 15, 49.7, 55.22, 5, 0, 0, 0, 0, '1,2,3,4,5,6,7,18,19', NULL, NULL, 0.68, 19, 10, 25, 0, 'arandela-triangular-aluminio-23x18x10cm-branca-488', 0, 0),
	(53, 55, 20, '5073', 'PLAFON QUADRADO BRANCO 30X30CM', '<p>PLAFON EM METAL E VIDRO, COM A FUNCIONALIDADE DO VIDRO TRAZ UMA ILUMINA&Ccedil;&Atilde;O AGRAD&Aacute;VEL E SOFISTICADA.</p>', 1, 15, 51.36, 57.07, 5, 0, 0, 0, 0, '1,2,3,4,5,6,7,18,19', NULL, NULL, 2.425, 32, 8, 32, 0, 'plafon-quadrado-branco-30x30cm-471', 1, 0),
	(54, 26, 4, '1695BB', 'PLAFON PILLOW BRANCO 25X25CM', '<p>PLAFON EM ACRILICO BRILHANTE, COM BOA EFICIENCIA DE ILUMINA&Ccedil;&Atilde;O, USO INTERNO, RECOMENDADO PARA TODOS OS TIPOS AMBIENTES.</p>', 0, 15, 150.01, 166.68, 5, 0, 1, 0, 0, '1,2,3,4,5,6,7,18,19', NULL, NULL, 0.825, 29, 14, 29, 0, 'plafon-pillow-branco-25x25cm-536', 0, 0),
	(55, 26, 4, '1696', 'PLAFON PILLOW BRANCO 36X36CM', '<p>PLAFON EM ACRILICO BRILHANTE, COM BOA EFICIENCIA DE ILUMINA&Ccedil;&Atilde;O, USO INTERNO, RECOMENDADO PARA TODOS OS TIPOS AMBIENTES.</p>', 0, 15, 208.4, 231.55, 5, 0, 1, 0, 0, '1,2,3,4,5,6,7,18,19', NULL, NULL, 1.32, 40, 14, 40, 0, 'plafon-pillow-branco-36x36cm-590', 0, 0),
	(56, 18, 4, 'SNT320PT', 'PENDENTE PILKO PRETO ', '<p>PENDENTE EM ALUMINIO, IDEAL PARA DECORAR A AREA GOURMET OU COZINHA</p>', 3, 15, 111.44, 123.82, 5, 0, 1, 0, 0, '1,2,3,4,5,6,7,18,19', NULL, NULL, 0.445, 22, 14, 22, 0, 'pendente-pilko-preto-972', 0, 0),
	(57, 55, 4, 'IN40131BT', 'PLAFON BOX BRANCO TEXTURIZADO 12X12CM', '<p>PLAFON DE SOBREPOR FIXO, MODERNO E SOFISTICADO, TRAZ BELEZA E REQUINTE AO AMBIENTE, VALORIZANDO SEU PROJETO.</p>', 3, 15, 97.98, 108.87, 5, 0, 0, 0, 0, '1,2,3,4,5,6,7,18,19', NULL, NULL, 0.58, 15, 14, 15, 0, 'plafon-box-branco-texturizado-12x12cm-976', 0, 0),
	(58, 55, 4, '9002BT', 'PLAFON DE EMBUTIR INSIDE 38X38X15CM', '<p>PLAFON DE EMBUTIR, COM BOA EFICIENCIA DE ILUMINA&Ccedil;&Atilde;O, USO INTERNO, RECOMENDADO PARA TODOS OS TIPOS AMBIENTES.</p>', 3, 15, 129.58, 143.97, 5, 0, 0, 0, 0, '1,2,3,4,5,6,7,18,19', NULL, NULL, 1.695, 39, 15, 39, 0, 'plafon-de-embutir-inside-38x38x15cm-772', 0, 0),
	(59, 55, 4, '9000BT', 'PLAFON DE EMBUTIR INSIDE 20X20X15CM', '<p>PLAFON DE EMBUTIR, COM BOA EFICIENCIA DE ILUMINA&Ccedil;&Atilde;O, USO INTERNO, RECOMENDADO PARA TODOS OS TIPOS AMBIENTES.</p>', 1, 15, 65.86, 73.18, 5, 0, 0, 0, 0, '1,2,3,4,5,6,7,18,19', NULL, NULL, 0.59, 25, 15, 25, 0, 'plafon-de-embutir-inside-20x20x15cm-689', 1, 0),
	(60, 55, 4, '1995BR', 'PLAFON VERSATILLE DETALHE A LASER BRANCO', '<p>PLAFON DE SOBREPOR COM DETALHE A LASER NAS LATERAIS, TRAZ REQUINTE E MODERNIDADE PARA O AMBIENTE</p>', 0, 15, 135.18, 150.21, 5, 0, 0, 0, 0, '1,2,3,4,5,6,7,18,19', NULL, NULL, 1.175, 30, 15, 30, 0, 'plafon-versatille-detalhe-a-laser-branco-628', 1, 0),
	(61, 55, 4, '2280AC', 'PLAFON LOFT VIDRO FOSCO ACETINADO 25X25CM', '<p>PLAFON EM ALUMINIO CINZA ACETINADO E VIDRO, COM A FUNCIONALIDADE DO VIDRO TRAZ UMA ILUMINA&Ccedil;&Atilde;O, AGRAD&Aacute;VEL E SOFISTICADA.</p>', 5, 15, 136.19, 151.33, 5, 0, 0, 0, 0, '1,2,3,4,5,6,7,18,19', NULL, NULL, 2.115, 35, 13, 35, 0, 'plafon-loft-vidro-fosco-acetinado-25x25cm-664', 0, 0),
	(62, 55, 4, '2281AC', 'PLAFON LOFT VIDRO FOSCO ACETINADO 40X40CM', '<p>PLAFON EM ALUMINIO CINZA ACETINADO E VIDRO, COM A FUNCIONALIDADE DO VIDRO TRAZ UMA ILUMINA&Ccedil;&Atilde;O, AGRAD&Aacute;VEL E SOFISTICADA.</p>', 3, 15, 216.39, 240.44, 5, 0, 0, 0, 0, '1,2,3,4,5,6,7,18,19', NULL, NULL, 3.59, 41, 13, 40, 0, 'plafon-loft-vidro-fosco-acetinado-40x40cm-361', 0, 0),
	(63, 23, 21, '173 CR', 'ARANDELA QUADRADA CROMADA COM VIDRO', '<p>ARANDELA CROMADA COM VIDRO E TRAN&Ccedil;ADO EM METAL, PRODUZ UM EFEITO SURPREENDENTE DE ILUMINA&Ccedil;&Atilde;O, MODERNA E DECORATIVA, PARA DEIXAR SEU AMBIENTE AINDA MAIS ELEGANTE.</p>', 0, 15, 205.11, 227.9, 5, 0, 1, 0, 0, '1,2,3,4,5,6,7,18,19', NULL, NULL, 0.935, 18, 19, 18, 0, 'arandela-quadrada-cromada-com-vidro-990', 0, 0),
	(64, 55, 4, '9601BT', 'PLAFON DE EMBUTIR COM ESPELHO 25X25CM', '<p>PLAFON DE EMBUTIR, COM BOA EFICIENCIA DE ILUMINA&Ccedil;&Atilde;O COM ESPELHO, USO INTERNO, RECOMENDADO PARA TODOS OS TIPOS AMBIENTES.</p>', 2, 15, 204.96, 227.73, 5, 0, 0, 0, 0, '1,2,3,4,5,6,7,18,19', NULL, NULL, 0.995, 30, 14, 29, 0, 'plafon-de-embutir-com-espelho-25x25cm-200', 0, 0),
	(65, 55, 4, 'PR1837', 'PLAFON DE EMBUTIR PASTILHADO BRANCO 17X17X11CM', '<p>PLAFON DE EMBUTIR, COM BOA EFICIENCIA DE ILUMINA&Ccedil;&Atilde;O, USO INTERNO, RECOMENDADO PARA TODOS OS TIPOS AMBIENTES.</p>', 1, 15, 76.65, 85.16, 5, 0, 0, 0, 0, '1,2,3,4,5,6,7,18,19', NULL, NULL, 0.595, 20, 15, 20, 0, 'plafon-de-embutir-pastilhado-branco-17x17x11cm-359', 1, 0),
	(66, 55, 4, 'PR1838', 'PLAFON DE EMBUTIR PASTILHADO BRANCO 27X27X11CM', '<p>PLAFON DE EMBUTIR, COM BOA EFICIENCIA DE ILUMINA&Ccedil;&Atilde;O, USO INTERNO, RECOMENDADO PARA TODOS OS TIPOS AMBIENTES.</p>', 3, 15, 107.85, 119.83, 5, 0, 0, 0, 0, '1,2,3,4,5,6,7,18,19', NULL, NULL, 1.05, 29, 15, 29, 0, 'plafon-de-embutir-pastilhado-branco-27x27x11cm-503', 0, 0),
	(67, 55, 4, '1802PAL', 'PLAFON  ARUBA PEQUENO ESCOVADO', '<p>PLAFON EM METAL ESCOVADO E VIDRO. COM A FUNCIONALIDADE DO VIDRO TRAZ UMA ILUMINA&Ccedil;&Atilde;O AGRAD&Aacute;VEL E SOFISTICADA.</p>', 1, 15, 159.22, 176.91, 5, 0, 1, 0, 0, '1,2,3,4,5,6,7,18,19', NULL, NULL, 1.49, 48, 18, 68, 0, 'plafon-aruba-pequeno-escovado-302', 0, 0),
	(68, 55, 4, '1802AL', 'PLAFON  ARUBA GRANDE ESCOVADO', '<p>PLAFON EM METAL ESCOVADO E VIDRO. COM A FUNCIONALIDADE DO VIDRO TRAZ UMA ILUMINA&Ccedil;&Atilde;O AGRAD&Aacute;VEL E SOFISTICADA.</p>', 0, 15, 383.14, 425.72, 5, 0, 1, 0, 0, '1,2,3,4,5,6,7,18,19', NULL, NULL, 8.1, 67, 20, 95, 0, 'plafon-aruba-grande-escovado-939', 1, 0),
	(69, 26, 29, '380046', 'PLAFON NEW QUADRUS 45,5X45,5X11,5CM', '<p>PLAFON EM ALUMINIO BRANCO E ACRILICO, COM BOA EFICIENCIA DE ILUMINA&Ccedil;&Atilde;O, USO INTERNO, TRAZ UMA ILUMINA&Ccedil;&Atilde;O AGRAD&Aacute;VEL E SOFISTICADA.</p>', -3, 15, 316.7, 351.89, 5, 0, 0, 0, 0, '1,2,3,4,5,6,7,18,19', NULL, NULL, 2.68, 51, 15, 51, 0, 'plafon-new-quadrus-45-5x45-5x11-5cm-579', 0, 0),
	(70, 55, 4, 'IN50031BT', 'SPOT DE EMBUTIR QUADRADO RECUADO BRANCO PAR20', '<p>SPOT DE EMBUTIR DIRECION&Aacute;VEL RECUADO, MODERNO E SOFISTICADO, TRAZ BELEZA E REQUINTE AO AMBIENTE, VALORIZANDO SEU PROJETO.</p>', 4, 15, 21.26, 23.62, 5, 0, 0, 0, 0, '1,2,3,4,5,6,7,11,18,19', NULL, NULL, 0.205, 17, 5, 17, 0, 'spot-de-embutir-quadrado-recuado-branco-par20-637', 0, 0),
	(71, 55, 4, 'IN50011BT', 'SPOT DE EMBUTIR QUADRADO RECUADO BRANCO DICROICA', '<p>SPOT DE EMBUTIR DIRECION&Aacute;VEL RECUADO, MODERNO E SOFISTICADO, TRAZ BELEZA E REQUINTE AO AMBIENTE, VALORIZANDO SEU PROJETO.</p>', 2, 15, 18.72, 20.8, 5, 0, 0, 0, 0, '1,2,3,4,5,6,7,11,18,19', NULL, NULL, 0.145, 17, 5, 17, 0, 'spot-de-embutir-quadrado-recuado-branco-dicroica-138', 0, 0),
	(72, 55, 4, 'IN50351BT', 'SPOT DE EMBUTIR QUADRADO RECUADO BRANCO AR111', '<p>SPOT DE EMBUTIR DIRECION&Aacute;VEL RECUADO, MODERNO E SOFISTICADO, TRAZ BELEZA E REQUINTE AO AMBIENTE, VALORIZANDO SEU PROJETO.</p>', 2, 15, 39.2, 43.55, 5, 0, 0, 0, 0, '1,2,3,4,5,6,7,11,18,19', NULL, NULL, 0.215, 23, 5, 23, 0, 'spot-de-embutir-quadrado-recuado-branco-ar111-161', 0, 0),
	(73, 55, 4, 'SNT020PR', 'ARANDELA DE EFEITO ESCOVADA', '<p>ARANDELA ALUMINIO ESCOVADO, PRODUZ UM EFEITO SURPREENDENTE DE ILUMINA&Ccedil;&Atilde;O, FACHO DUPLO COM DETALHE NO MEIO, MODERNA E DECORATIVA, PARA DEIXAR SEU AMBIENTE AINDA MAIS ELEGANTE.</p>', 3, 15, 70.61, 78.46, 5, 0, 0, 0, 0, '1,2,3,4,5,6,7,18,19', NULL, NULL, 0.205, 12, 8, 24, 0, 'arandela-de-efeito-escovada-553', 0, 0),
	(74, 30, 4, 'IN50331', 'SPOT DE EMBUTIR RECUADO II PAR20 ', '<p>SPOT DE EMBUTIR COM FOCO RECUADO E, DIRECION&Aacute;VEL, MODERNO E SOFISTICADO, TRAZ BELEZA E REQUINTE AO AMBIENTE, VALORIZANDO SEU PROJETO.</p>', 13, 15, 36.33, 40.36, 5, 0, 0, 1, 0, '1,2,3,4,5,6,7,11,18,19', NULL, NULL, 0.18, 14, 3, 14, 0, 'spot-de-embutir-recuado-ii-par20-401', 0, 0),
	(75, 30, 4, 'IN51341', 'SPOT DE EMBUTIR RECUADO II AR70', '<p>SPOT DE EMBUTIR COM FOCO RECUADO E, DIRECION&Aacute;VEL, MODERNO E SOFISTICADO, TRAZ BELEZA E REQUINTE AO AMBIENTE, VALORIZANDO SEU PROJETO.</p>', 19, 15, 36.89, 40.99, 5, 0, 0, 1, 0, '1,2,3,4,5,6,7,11,18,19', NULL, NULL, 0.18, 14, 3, 14, 0, 'spot-de-embutir-recuado-ii-ar70-173', 0, 0),
	(76, 30, 4, 'IN51351', 'SPOT DE EMBUTIR RECUADO II AR111', '<p>SPOT DE EMBUTIR COM FOCO RECUADO E, DIRECION&Aacute;VEL, MODERNO E SOFISTICADO, TRAZ BELEZA E REQUINTE AO AMBIENTE, VALORIZANDO SEU PROJETO.</p>', 28, 15, 58.68, 65.21, 5, 0, 0, 1, 0, '1,2,3,4,5,6,7,18,19', NULL, NULL, 0.26, 18, 4, 18, 0, 'spot-de-embutir-recuado-ii-ar111-953', 0, 0),
	(77, 30, 4, 'IN51361', 'SPOT DE EMBUTIR RECUADO II PAR30', '<p>SPOT DE EMBUTIR COM FOCO RECUADO E, DIRECION&Aacute;VEL, MODERNO E SOFISTICADO, TRAZ BELEZA E REQUINTE AO AMBIENTE, VALORIZANDO SEU PROJETO.</p>', 11, 15, 59.92, 63.25, 5, 0, 0, 1, 0, '1,2,3,4,5,6,7,11,18,19', NULL, NULL, 0.35, 18, 4, 18, 0, 'spot-de-embutir-recuado-ii-par30-230', 0, 0),
	(78, 30, 4, 'IN50321', 'SPOT DE EMBUTIR RECUADO II DICROICA', '<p>SPOT DE EMBUTIR COM FOCO RECUADO E, DIRECION&Aacute;VEL, MODERNO E SOFISTICADO, TRAZ BELEZA E REQUINTE AO AMBIENTE, VALORIZANDO SEU PROJETO.</p>', 30, 15, 30.19, 33.54, 5, 0, 0, 1, 0, '1,2,3,4,5,6,7,11,18,19', NULL, NULL, 0.15, 12, 3, 12, 0, 'spot-de-embutir-recuado-ii-dicroica-657', 0, 0),
	(79, 55, 22, '6103', 'ARANDELA FOCO DUPLO BRANCA', '<p>ARANDELA RETANGULAR EM ALUMINIO, COM DETALHE ARREDONDADO NA FRENTE, FACHO DUPLO, MODERNA E DECORATIVA, PARA DEIXAR SEU AMBIENTE AINDA MAIS ELEGANTE.</p>', 3, 15, 95.54, 99.9, 5, 0, 0, 0, 0, '1,2,3,4,5,6,7,18,19', NULL, NULL, 1.145, 16, 11, 32, 0, 'arandela-foco-duplo-branca-66', 0, 0),
	(81, 23, 23, '2558', 'ARANDELA ARTICULADA SNOW GLASS', '<p>ARANDELA METAL E VIDRO, ARTICULADA, MODERNA E DECORATIVA, IDEAL PARA PAINEL DE CAMA, SUBSTITUINDO O ABAJUR.</p>', 4, 15, 157.19, 174.65, 5, 1, 0, 0, 0, '1,2,3,4,5,6,7,18,19', NULL, NULL, 0.95, 15, 20, 19, 0, 'arandela-articulada-snow-glass-573', 0, 0),
	(82, 18, 5, 'FL159P', 'PENDENTE SUSHI PEQUENO 37CM DIAMETRO', '<p>PENDENTE EM ALUMINIO E DIFUSOR EM ACRILICO, TRAZ REQUINTE AO AMBIENTE.</p>', 0, 15, 292.87, 325.41, 5, 0, 0, 0, 0, '1,2,3,4,5,6,7,18,19', NULL, NULL, 2.75, 45, 20, 45, 0, 'pendente-sushi-pequeno-37cm-diametro-102', 0, 0),
	(83, 18, 5, 'FL159M', 'PENDENTE SUSHI MEDIO 53CM DIAMETRO', '<p>PENDENTE EM ALUMINIO E DIFUSOR EM ACRILICO, TRAZ REQUINTE AO AMBIENTE.</p>', 0, 15, 451.07, 501.19, 5, 0, 0, 0, 0, '1,2,3,4,5,6,7,18,19', NULL, NULL, 2.83, 60, 30, 60, 0, 'pendente-sushi-medio-53cm-diametro-143', 0, 0),
	(84, 18, 5, 'FL159M', 'PENDENTE SUSHI MEDIO 53CM DIAMETRO', '<p>PENDENTE EM ALUMINIO E DIFUSOR EM ACRILICO, TRAZ REQUINTE AO AMBIENTE.</p>', -1, 15, 451.07, 501.19, 5, 0, 0, 0, 0, '1,2,3,4,5,6,7,18,19', NULL, NULL, 2.83, 56, 20, 56, 0, 'pendente-sushi-medio-53cm-diametro-951', 0, 0),
	(85, 18, 5, 'FL159G', 'PENDENTE SUSHI GRANDE 68CM DIAMETRO', '<p>PENDENTE EM ALUMINIO E DIFUSOR EM ACRILICO, TRAZ REQUINTE AO AMBIENTE.</p>', 0, 15, 792.84, 880.94, 5, 0, 0, 0, 0, '1,2,3,4,5,6,7,18,19', NULL, NULL, 3.3, 75, 40, 75, 0, 'pendente-sushi-grande-68cm-diametro-469', 0, 0),
	(86, 30, 24, 'IL0074 GZ BR', 'SPOT DE EMBUTIR QUADRADO PLANO  DICROICA IL0074', '<p>SPOT DE EMBUTIR DIRECION&Aacute;VEL FACE PLANA, MODERNO E SOFISTICADO, TRAZ BELEZA E REQUINTE AO AMBIENTE, VALORIZANDO SEU PROJETO.</p>', 30, 15, 20.9, 23.23, 5, 0, 0, 1, 0, '1,2,3,4,5,6,7,11,18,19', NULL, NULL, 0.18, 10.5, 3, 10.5, 0, 'spot-de-embutir-quadrado-plano-dicroica-il0074-521', 0, 0),
	(87, 30, 24, 'IL0159 BR', 'SPOT DE EMBUTIR QUADRADO PLANO  PAR30 IL0159', '<p>SPOT DE EMBUTIR DIRECION&Aacute;VEL FACE PLANA, MODERNO E SOFISTICADO, TRAZ BELEZA E REQUINTE AO AMBIENTE, VALORIZANDO SEU PROJETO.</p>', 10, 15, 46.07, 51.19, 5, 0, 0, 0, 0, '1,2,3,4,5,6,7,18,19,11', NULL, NULL, 0.39, 16, 3, 16, 0, 'spot-de-embutir-quadrado-plano-par30-il0159-69', 0, 0),
	(88, 30, 24, 'IL0090 GZ BR', 'SPOT DE EMBUTIR QUADRADO PLANO  AR70 IL0090', '<p>SPOT DE EMBUTIR DIRECION&Aacute;VEL FACE PLANA, MODERNO E SOFISTICADO, TRAZ BELEZA E REQUINTE AO AMBIENTE, VALORIZANDO SEU PROJETO.</p>', 17, 15, 26.2, 29.11, 5, 0, 0, 1, 0, '1,2,3,4,5,6,7,11,18,19', NULL, NULL, 0.16, 12, 3, 12, 0, 'spot-de-embutir-quadrado-plano-ar70-il0090-913', 0, 0),
	(89, 30, 24, 'IL0092 BR', 'SPOT DE EMBUTIR QUADRADO PLANO PAR20 IL0092', '<p>SPOT DE EMBUTIR DIRECION&Aacute;VEL FACE PLANA, MODERNO E SOFISTICADO, TRAZ BELEZA E REQUINTE AO AMBIENTE, VALORIZANDO SEU PROJETO.</p>', 24, 15, 28.04, 31.16, 5, 0, 0, 1, 0, '1,2,3,4,5,6,7,11,18,19', NULL, NULL, 0.16, 12, 3, 12, 0, 'spot-de-embutir-quadrado-plano-par20-il0092-630', 0, 0),
	(90, 30, 24, 'IL0157 GZ BR', 'SPOT DE EMBUTIR QUADRADO PLANO AR111 IL0157', '<p>SPOT DE EMBUTIR DIRECION&Aacute;VEL FACE PLANA, MODERNO E SOFISTICADO, TRAZ BELEZA E REQUINTE AO AMBIENTE, VALORIZANDO SEU PROJETO.</p>', 20, 15, 43.23, 49.04, 5, 0, 0, 1, 0, '1,2,3,4,5,6,7,11,18,19', NULL, NULL, 0.39, 16, 3, 16, 0, 'spot-de-embutir-quadrado-plano-ar111-ill0057-426', 0, 0),
	(91, 30, 24, 'IL0160 GZ BR', 'SPOT DE EMBUTIR REDONDO PLANO AR111 IL0160', '<p>SPOT DE EMBUTIR DIRECION&Aacute;VEL FACE PLANA, MODERNO E SOFISTICADO, TRAZ BELEZA E REQUINTE AO AMBIENTE, VALORIZANDO SEU PROJETO.</p>', 12, 15, 42.05, 46.72, 5, 0, 0, 1, 0, '1,2,3,4,5,6,7,11,18,19', NULL, NULL, 0.39, 16, 3, 16, 0, 'spot-de-embutir-redondo-plano-ar111-il0160-873', 0, 0),
	(92, 30, 24, 'IL0073 GZ BR', 'SPOT DE EMBUTIR REDONDO PLANO DICROICA IL0073', '<p>SPOT DE EMBUTIR DIRECION&Aacute;VEL FACE PLANA, MODERNO E SOFISTICADO, TRAZ BELEZA E REQUINTE AO AMBIENTE, VALORIZANDO SEU PROJETO.</p>', 26, 15, 19.51, 21.68, 5, 0, 0, 1, 0, '1,2,3,4,5,11,18,19', NULL, NULL, 0.18, 12, 3, 12, 0, 'spot-de-embutir-redondo-plano-dicroica-il0073-909', 0, 0),
	(93, 30, 24, 'IL0162 BR', 'SPOT DE EMBUTIR REDONDO PLANO PAR30 IL0162', '<p>SPOT DE EMBUTIR DIRECION&Aacute;VEL FACE PLANA, MODERNO E SOFISTICADO, TRAZ BELEZA E REQUINTE AO AMBIENTE, VALORIZANDO SEU PROJETO.</p>', 8, 15, 44.91, 49.9, 5, 0, 0, 1, 0, '1,2,3,4,5,11,18,19', NULL, NULL, 0.39, 16, 3, 16, 0, 'spot-de-embutir-redondo-plano-par30-il0162-173', 0, 0),
	(94, 30, 24, 'IL0089 GZ BR', 'SPOT DE EMBUTIR REDONDO PLANO AR70 IL0089', '<p>SPOT DE EMBUTIR DIRECION&Aacute;VEL FACE PLANA, MODERNO E SOFISTICADO, TRAZ BELEZA E REQUINTE AO AMBIENTE, VALORIZANDO SEU PROJETO.</p>', 18, 15, 27.26, 30.29, 5, 0, 0, 1, 0, '1,2,3,4,5,11,18,19', NULL, NULL, 0.16, 12, 3, 12, 0, 'spot-de-embutir-redondo-plano-ar70-il0089-284', 0, 0),
	(95, 54, 24, '3961CS', 'BALIZADOR DE PAREDE QUADRADO COM LED 3000K 3961CS', '<p>BALIZADOR DE EMBUTIR COM FOCO ASSIMETRICO, IDEAL PARA ESCADAS E CORREDORES, VALORIZA SEU AMBIENTE COM A SOFISTICA&Ccedil;&Atilde;O DO LED.</p>', -26, 15, 69.22, 76.96, 5, 1, 0, 1, 0, '1,2,3,4,5,6,7,10,11,18,19,23,8', NULL, NULL, 0.24, 5, 5, 9, 0, 'balizador-de-parede-quadrado-com-led-3911ww-355', 0, 0),
	(96, 30, 3, 'SE-330-955', 'SPOT DE EMBUTIR QUADRADO RECUADO DICROICA/MINI DICROICA', '<p>SPOT DE EMBUTIR COM FOCO RECUADO, DIRECION&Aacute;VEL COM ANGULA&Ccedil;&Atilde;O EM 360&ordm;, MODERNO E SOFISTICADO, TRAZ BELEZA E REQUINTE AO AMBIENTE, VALORIZANDO SEU PROJETO.</p>', 80, 15, 12.89, 14.83, 5, 0, 1, 0, 0, '1,2,3,4,5,6,7,11,18,19', NULL, NULL, 0.08, 10, 3.5, 10, 0, 'spot-de-embutir-quadrado-recuado-dicroica-mini-dicroica-775', 0, 0),
	(97, 30, 3, 'SE-330-979', 'SPOT DE EMBUTIR QUADRADO RECUADO AR70', '<p>SPOT DE EMBUTIR COM FOCO RECUADO, DIRECION&Aacute;VEL COM ANGULA&Ccedil;&Atilde;O EM 360&ordm;, MODERNO E SOFISTICADO, TRAZ BELEZA E REQUINTE AO AMBIENTE, VALORIZANDO SEU PROJETO.</p>', 10, 15, 20.54, 22.82, 5, 0, 1, 0, 0, '1,2,3,4,5,6,7,11,18,19', NULL, NULL, 0.16, 13, 3.5, 13, 0, 'spot-de-embutir-quadrado-recuado-ar70-241', 0, 0),
	(98, 30, 3, 'SE-330-971', 'SPOT DE EMBUTIR QUADRADO RECUADO PAR20', '<p>SPOT DE EMBUTIR COM FOCO RECUADO, DIRECION&Aacute;VEL COM ANGULA&Ccedil;&Atilde;O EM 360&ordm;, MODERNO E SOFISTICADO, TRAZ BELEZA E REQUINTE AO AMBIENTE, VALORIZANDO SEU PROJETO.</p>', 3, 15, 16.31, 18.13, 5, 0, 1, 0, 0, '1,2,3,4,5,6,7,11,18,19', NULL, NULL, 0.16, 13, 3.5, 13, 0, 'spot-de-embutir-quadrado-recuado-par20-730', 0, 0),
	(99, 30, 3, 'SE-330-1064', 'SPOT DE EMBUTIR QUADRADO RECUADO AR111', '<p>SPOT DE EMBUTIR COM FOCO RECUADO, DIRECION&Aacute;VEL COM ANGULA&Ccedil;&Atilde;O EM 360&ordm;, MODERNO E SOFISTICADO, TRAZ BELEZA E REQUINTE AO AMBIENTE, VALORIZANDO SEU PROJETO.</p>', 30, 15, 22.82, 25.35, 5, 0, 1, 0, 0, '1,2,3,4,5,6,7,11,18,19', NULL, NULL, 0.17, 17, 3.5, 17, 0, 'spot-de-embutir-quadrado-recuado-ar111-724', 0, 0),
	(100, 30, 3, 'SE-330-987', 'SPOT DE EMBUTIR QUADRADO RECUADO PAR30', '<p>SPOT DE EMBUTIR COM FOCO RECUADO, DIRECION&Aacute;VEL COM ANGULA&Ccedil;&Atilde;O EM 360&ordm;, MODERNO E SOFISTICADO, TRAZ BELEZA E REQUINTE AO AMBIENTE, VALORIZANDO SEU PROJETO.</p>', 0, 15, 22.82, 25.35, 5, 0, 1, 0, 0, '1,2,3,4,5,6,7,11,18,19', NULL, NULL, 0.17, 17, 3.5, 17, 0, 'spot-de-embutir-quadrado-recuado-par30-728', 0, 0),
	(101, 30, 3, 'SE-330-957', 'SPOT DE EMBUTIR REDONDO DICROICA/MINI DICROICA', '<p>SPOT DE EMBUTIR DIRECION&Aacute;VEL COM ANGULO 360&ordm;, MODERNO E SOFISTICADO, TRAZ BELEZA E REQUINTE AO AMBIENTE, VALORIZANDO SEU PROJETO.</p>', 20, 15, 12.89, 14.33, 5, 0, 0, 0, 0, '1,2,3,4,5,6,7,11,18,19', NULL, NULL, 0.08, 10, 3.5, 10, 0, 'spot-de-embutir-redondo-dicroica-mini-dicroica-643', 0, 0),
	(102, 30, 3, 'SE-330-981', 'SPOT DE EMBUTIR REDONDO AR70', '<p>SPOT DE EMBUTIR DIRECION&Aacute;VEL COM ANGULO 360&ordm;, MODERNO E SOFISTICADO, TRAZ BELEZA E REQUINTE AO AMBIENTE, VALORIZANDO SEU PROJETO.</p>', 0, 15, 20.54, 22.82, 5, 0, 0, 0, 0, '1,2,3,4,5,6,7,11,18,19', NULL, NULL, 0.16, 13, 3.5, 13, 0, 'spot-de-embutir-redondo-ar70-801', 0, 0),
	(103, 30, 3, 'SE-330-973', 'SPOT DE EMBUTIR REDONDO PAR20', '<p>SPOT DE EMBUTIR DIRECION&Aacute;VEL COM ANGULO 360&ordm;, MODERNO E SOFISTICADO, TRAZ BELEZA E REQUINTE AO AMBIENTE, VALORIZANDO SEU PROJETO.</p>', 0, 15, 16.31, 18.13, 5, 0, 0, 0, 0, '1,2,3,4,5,6,7,11,18,19', NULL, NULL, 0.16, 13, 3.5, 13, 0, 'spot-de-embutir-redondo-par20-268', 0, 0),
	(104, 30, 3, 'SE-330-997', 'SPOT DE EMBUTIR REDONDO AR111', '<p>SPOT DE EMBUTIR DIRECION&Aacute;VEL COM ANGULO 360&ordm;, MODERNO E SOFISTICADO, TRAZ BELEZA E REQUINTE AO AMBIENTE, VALORIZANDO SEU PROJETO.</p>', 0, 15, 20.54, 22.82, 5, 0, 0, 0, 0, '1,2,3,4,5,6,7,11,18,19', NULL, NULL, 0.165, 17, 3.5, 17, 0, 'spot-de-embutir-redondo-ar111-933', 0, 0),
	(105, 30, 3, 'SE-330-989', 'SPOT DE EMBUTIR REDONDO PLANO PAR30', '<p>SPOT DE EMBUTIR DIRECION&Aacute;VEL COM ANGULO 360&ordm;, MODERNO E SOFISTICADO, TRAZ BELEZA E REQUINTE AO AMBIENTE, VALORIZANDO SEU PROJETO.</p>', 6, 15, 24.18, 26.87, 5, 0, 0, 0, 0, '1,2,3,4,5,6,7,11,18,19', NULL, NULL, 0.17, 17, 3.5, 17, 0, 'spot-de-embutir-redondo-plano-par30-85', 0, 0),
	(106, 50, 3, 'SE-240-587', 'PLACA DE LED EMBUTIR 17X17CM 12WTS 3000K', '<p>PLACAS DE LED CONSEGUEM ALIAR &Oacute;TIMO CUSTO-BENEFICIO, COM MODERNIDADE, DISCRI&Ccedil;&Atilde;O E EFICI&Ecirc;NCIA.&nbsp;&nbsp;</p>', 8, 15, 25.56, 28.4, 5, 0, 1, 0, 0, '1,2,3,4,5,6,7,8,9,10,11,12,18,19', NULL, NULL, 0.29, 18, 4, 18, 0, 'placa-de-led-embutir-17x17cm-12wts-3000k-653', 0, 0),
	(107, 50, 3, 'SE-240-589', 'PLACA DE LED EMBUTIR 17X17CM 12WTS 5700K', '<p>PLACAS DE LED CONSEGUEM ALIAR &Oacute;TIMO CUSTO-BENEFICIO, COM MODERNIDADE, DISCRI&Ccedil;&Atilde;O E EFICI&Ecirc;NCIA.&nbsp;&nbsp;</p>', 9, 15, 25.56, 28.4, 5, 0, 1, 0, 0, '1,2,3,4,5,6,7,8,9,10,11,12,18,19', NULL, NULL, 0.29, 18, 4, 18, 0, 'placa-de-led-embutir-17x17cm-12wts-5700k-494', 0, 0),
	(108, 50, 3, 'SE-240-593', 'PLACA DE LED EMBUTIR 22,5X22,5CM 20WTS 3000K', '<p>PLACAS DE LED CONSEGUEM ALIAR &Oacute;TIMO CUSTO-BENEFICIO, COM MODERNIDADE, DISCRI&Ccedil;&Atilde;O E EFICI&Ecirc;NCIA.</p>', 6, 15, 34.76, 38.62, 5, 0, 1, 0, 0, '1,2,3,4,5,6,7,8,9,10,11,12,18,19', NULL, NULL, 0.44, 23, 4, 23, 0, 'placa-de-led-embutir-22-5x22-5cm-20wts-3000k-961', 0, 0),
	(109, 50, 3, 'SE-240-595', 'PLACA DE LED EMBUTIR 22,5X22,5CM 20WTS 5700K', '<p>PLACAS DE LED CONSEGUEM ALIAR &Oacute;TIMO CUSTO-BENEFICIO, COM MODERNIDADE, DISCRI&Ccedil;&Atilde;O E EFICI&Ecirc;NCIA.&nbsp;&nbsp;</p>', 0, 15, 34.76, 38.62, 5, 0, 1, 0, 0, '1,2,3,4,5,6,7,8,9,10,11,12,18,19', NULL, NULL, 0.44, 23, 4, 23, 0, 'placa-de-led-embutir-22-5x22-5cm-20wts-5700k-24', 0, 0),
	(110, 50, 3, 'SE-240-599', 'PLACA DE LED EMBUTIR 30X30CM 25WTS 3000K', '<p>PLACAS DE LED CONSEGUEM ALIAR &Oacute;TIMO CUSTO-BENEFICIO, COM MODERNIDADE, DISCRI&Ccedil;&Atilde;O E EFICI&Ecirc;NCIA.&nbsp;&nbsp;</p>', 3, 15, 55, 61.11, 5, 1, 1, 0, 0, '1,2,3,4,5,6,7,8,9,10,11,12,18,19', NULL, NULL, 0.68, 31, 4, 31, 0, 'placa-de-led-embutir-30x30cm-25wts-3000k-96', 0, 0),
	(111, 50, 3, 'SE-240-601', 'PLACA DE LED EMBUTIR 30X30CM 25WTS 5700K', '<p>PLACAS DE LED CONSEGUEM ALIAR &Oacute;TIMO CUSTO-BENEFICIO, COM MODERNIDADE, DISCRI&Ccedil;&Atilde;O E EFICI&Ecirc;NCIA.&nbsp;&nbsp;</p>', 0, 15, 55, 61.11, 5, 0, 1, 0, 0, '1,2,3,4,5,6,7,8,9,10,11,12,18,19', NULL, NULL, 0.68, 31, 4, 31, 0, 'placa-de-led-embutir-30x30cm-25wts-5700k-151', 0, 0),
	(112, 50, 3, 'SE-240-923', 'PLACA DE LED EMBUTIR 40X40CM 36WTS 3000K', '<p>PLACAS DE LED CONSEGUEM ALIAR &Oacute;TIMO CUSTO-BENEFICIO, COM MODERNIDADE, DISCRI&Ccedil;&Atilde;O E EFICI&Ecirc;NCIA.&nbsp;&nbsp;</p>', 0, 15, 137.78, 153.09, 5, 0, 1, 0, 0, '1,2,3,4,5,6,7,8,9,10,11,12,18,19', NULL, NULL, 1.22, 41, 5, 41, 0, 'placa-de-led-embutir-40x40cm-36wts-3000k-817', 0, 0),
	(113, 50, 3, 'SE-240-925', 'PLACA DE LED EMBUTIR 40X40CM 36WTS 5700K ', '<p>PLACAS DE LED CONSEGUEM ALIAR &Oacute;TIMO CUSTO-BENEFICIO, COM MODERNIDADE, DISCRI&Ccedil;&Atilde;O E EFICI&Ecirc;NCIA.&nbsp;&nbsp;</p>', 0, 15, 137.78, 153.09, 5, 0, 1, 0, 0, '1,2,3,4,5,6,7,8,9,10,11,12,18,19', NULL, NULL, 1.22, 41, 5, 41, 0, 'placa-de-led-embutir-40x40cm-36wts-5700k-537', 0, 0),
	(114, 50, 3, 'SE-240-419', 'PLACA DE LED EMBUTIR 62X62CM 45WTS 3000K', '<p>PLACAS DE LED CONSEGUEM ALIAR &Oacute;TIMO CUSTO-BENEFICIO, COM MODERNIDADE, DISCRI&Ccedil;&Atilde;O E EFICI&Ecirc;NCIA.&nbsp;&nbsp;</p>', 4, 15, 274.09, 304.54, 5, 0, 1, 0, 0, '1,2,3,4,5,6,7,8,9,10,11,12,18,19', NULL, NULL, 3.24, 63, 5, 63, 0, 'placa-de-led-embutir-62x62cm-45wts-3000k-570', 0, 0),
	(115, 50, 3, 'SE-240-947', 'PLACA DE LED EMBUTIR 62X62CM 45WTS 5700K', '<p>PLACAS DE LED CONSEGUEM ALIAR &Oacute;TIMO CUSTO-BENEFICIO, COM MODERNIDADE, DISCRI&Ccedil;&Atilde;O E EFICI&Ecirc;NCIA.&nbsp;&nbsp;</p>', 2, 15, 274.09, 304.54, 5, 0, 1, 0, 0, '1,2,3,4,5,6,7,8,9,10,11,12,18,19', NULL, NULL, 3.24, 63, 5, 63, 0, 'placa-de-led-embutir-62x62cm-45wts-5700k-245', 0, 0),
	(116, 49, 3, 'SE-240-590', 'PLACA DE LED SOPREPOR 17X17CM 12WTS 3000K', '<p>PLACAS DE LED CONSEGUEM ALIAR &Oacute;TIMO CUSTO-BENEFICIO, COM MODERNIDADE, DISCRI&Ccedil;&Atilde;O E EFICI&Ecirc;NCIA.&nbsp;&nbsp;</p>', 8, 15, 34.76, 38.62, 5, 0, 1, 0, 0, '1,2,3,4,5,6,7,8,9,10,11,12,18,19', NULL, NULL, 0.31, 18, 4, 18, 0, 'placa-de-led-soprepor-17x17cm-12wts-3000k-90', 0, 0),
	(117, 49, 3, 'SE-240-592', 'PLACA DE LED SOPREPOR 17X17CM 12WTS 5700K', '<p>PLACAS DE LED CONSEGUEM ALIAR &Oacute;TIMO CUSTO-BENEFICIO, COM MODERNIDADE, DISCRI&Ccedil;&Atilde;O E EFICI&Ecirc;NCIA.&nbsp;&nbsp;</p>', 8, 15, 34.76, 38.62, 5, 0, 1, 0, 0, '1,2,3,4,5,6,7,8,9,10,11,12,18,19', NULL, NULL, 0.31, 18, 4, 18, 0, 'placa-de-led-soprepor-17x17cm-12wts-5700k-848', 0, 0),
	(118, 49, 3, 'SE-240-596', 'PLACA DE LED SOPREPOR 22X22CM 20WTS 3000K', '<p>PLACAS DE LED CONSEGUEM ALIAR &Oacute;TIMO CUSTO-BENEFICIO, COM MODERNIDADE, DISCRI&Ccedil;&Atilde;O E EFICI&Ecirc;NCIA.&nbsp;&nbsp;</p>', 11, 15, 43.92, 48.84, 5, 0, 1, 0, 0, '1,2,3,4,5,6,7,8,9,10,11,12,18,19', NULL, NULL, 0.52, 23, 4, 23, 0, 'placa-de-led-soprepor-22x22cm-20wts-3000k-766', 0, 0),
	(119, 49, 3, 'SE-240-598', 'PLACA DE LED SOPREPOR 22X22CM 20WTS 5700K', '<p>PLACAS DE LED CONSEGUEM ALIAR &Oacute;TIMO CUSTO-BENEFICIO, COM MODERNIDADE, DISCRI&Ccedil;&Atilde;O E EFICI&Ecirc;NCIA.&nbsp;&nbsp;</p>', 15, 15, 43.92, 48.84, 5, 0, 1, 0, 0, '1,2,3,4,5,6,7,8,9,10,11,12,18,19', NULL, NULL, 0.52, 23, 4, 23, 0, 'placa-de-led-soprepor-22x22cm-20wts-5700k-895', 0, 0),
	(120, 49, 3, 'SE-240-602', 'PLACA DE LED SOPREPOR 30X30CM 25WTS 3000K', '<p>PLACAS DE LED CONSEGUEM ALIAR &Oacute;TIMO CUSTO-BENEFICIO, COM MODERNIDADE, DISCRI&Ccedil;&Atilde;O E EFICI&Ecirc;NCIA.&nbsp;&nbsp;</p>', 7, 15, 66.03, 73.36, 5, 0, 1, 0, 0, '1,2,3,4,5,6,7,8,9,10,11,12,18,19', NULL, NULL, 0.8, 31, 5, 31, 0, 'placa-de-led-soprepor-30x30cm-25wts-3000k-552', 0, 0),
	(121, 49, 3, 'SE-240-604', 'PLACA DE LED SOPREPOR 30X30CM 25WTS 5700K', '<p>PLACAS DE LED CONSEGUEM ALIAR &Oacute;TIMO CUSTO-BENEFICIO, COM MODERNIDADE, DISCRI&Ccedil;&Atilde;O E EFICI&Ecirc;NCIA.&nbsp;&nbsp;</p>', 12, 15, 66.03, 73.36, 5, 0, 1, 0, 0, '1,2,3,4,5,6,7,8,9,10,11,12,18,19', NULL, NULL, 0.8, 31, 5, 31, 0, 'placa-de-led-soprepor-30x30cm-25wts-5700k-34', 0, 0),
	(122, 49, 3, 'SE-240-934', 'PLACA DE LED SOPREPOR 40X40CM 36WTS 3000K', '<p>PLACAS DE LED CONSEGUEM ALIAR &Oacute;TIMO CUSTO-BENEFICIO, COM MODERNIDADE, DISCRI&Ccedil;&Atilde;O E EFICI&Ecirc;NCIA.&nbsp;&nbsp;</p>', 4, 15, 183.77, 204.19, 5, 0, 1, 0, 0, '1,2,3,4,5,6,7,8,9,10,11,12,18,19', NULL, NULL, 1.62, 41, 5, 41, 0, 'placa-de-led-soprepor-40x40cm-36wts-3000k-434', 0, 0),
	(123, 49, 3, 'SE-240-936', 'PLACA DE LED SOPREPOR 40X40CM 36WTS 5700K', '<p>PLACAS DE LED CONSEGUEM ALIAR &Oacute;TIMO CUSTO-BENEFICIO, COM MODERNIDADE, DISCRI&Ccedil;&Atilde;O E EFICI&Ecirc;NCIA.&nbsp;&nbsp;</p>', 2, 15, 183.77, 204.19, 5, 0, 1, 0, 0, '1,2,3,4,5,6,7,8,9,10,11,12,18,19', NULL, NULL, 1.62, 41, 5, 41, 0, 'placa-de-led-soprepor-40x40cm-36wts-5700k-42', 0, 0),
	(124, 53, 3, 'SE-260-760', 'ARANDELA DE LED 21X11X6CM 3000K 8WTS', '<p>ARANDELAS DE LED CONSEGUEM ALIAR &Oacute;TIMO CUSTO-BENEFICIO, COM MODERNIDADE, DISCRI&Ccedil;&Atilde;O E EFICI&Ecirc;NCIA.&nbsp;&nbsp;</p>', 0, 15, 67.45, 74.94, 5, 0, 1, 0, 0, '1,2,3,4,5,6,7,8,9,10,11,18,19', NULL, NULL, 0.35, 12, 7, 22, 0, 'arandela-de-led-21x11x6cm-3000k-8wts-584', 0, 0),
	(125, 53, 3, 'SE-260-761', 'ARANDELA DE LED 21X11X6CM 5700K 8WTS', '<p>ARANDELAS DE LED CONSEGUEM ALIAR &Oacute;TIMO CUSTO-BENEFICIO, COM MODERNIDADE, DISCRI&Ccedil;&Atilde;O E EFICI&Ecirc;NCIA.&nbsp;&nbsp;</p>', 0, 15, 67.45, 74.94, 5, 0, 1, 0, 0, '1,2,3,4,5,6,7,8,9,10,11,18,19', NULL, NULL, 0.35, 12, 7, 22, 0, 'arandela-de-led-21x11x6cm-5700k-8wts-654', 0, 0),
	(126, 46, 3, 'SE-105-529', 'LAMPADA LED AR111 13WTS BIVOLT 2700K 24º ', '<p>LAMPADA DE LED DE ULTIMA GERA&Ccedil;&Atilde;O, REFLETIVA, BONITA E FUNCIONAL, ELEVA A ILUMINA&Ccedil;&Atilde;O DO SEU PROJETO &Agrave; OUTRO PATAMAR.</p>', 10, 15, 65.41, 72.68, 5, 0, 1, 0, 0, '2,4,6,7,9,10,14,15,16,17,20,21', NULL, NULL, 0.15, 17, 11, 17, 0, 'lampada-led-ar111-13wts-bivolt-2700k-24-502', 0, 0),
	(127, 45, 3, 'SE-100-1486', 'LAMPADA LED AR70 08WTS BIVOLT 2700K 24º', '<p>LAMPADA DE LED DE ULTIMA GERA&Ccedil;&Atilde;O, REFLETIVA, BONITA E FUNCIONAL, ELEVA A ILUMINA&Ccedil;&Atilde;O DO SEU PROJETO &Agrave; OUTRO PATAMAR.</p>', 14, 15, 48.54, 53.94, 5, 0, 1, 0, 0, '2,4,6,7,9,10,14,15,16,17,18,20,21', NULL, NULL, 0.05, 13, 7, 16, 0, 'lampada-led-ar70-08wts-bivolt-2700k-24-622', 0, 0),
	(128, 42, 3, 'SE-130-562', 'LAMPADA LED DICROICA 07WTS BIVOLT 2700K 24º', '<p>LAMPADA DE LED DE ULTIMA GERA&Ccedil;&Atilde;O, BONITA E FUNCIONAL ELEVA A ILUMINA&Ccedil;&Atilde;O DO SEU PROJETO &Agrave; OUTRO PATAMAR.</p>', 15, 15, 17.81, 19.79, 5, 0, 1, 0, 0, '2,4,6,7,9,10,14,15,16,17,18,20,21', NULL, NULL, 0.04, 13, 6, 16, 0, 'lampada-led-dicroica-07wts-bivolt-2700k-24-884', 0, 0),
	(129, 42, 3, 'SE-130-1100', 'LAMPADA LED DICROICA 4,8WTS BIVOLT 6500K 24º', '<p>LAMPADA DE LED DE ULTIMA GERA&Ccedil;&Atilde;O, BONITA E FUNCIONAL ELEVA A ILUMINA&Ccedil;&Atilde;O DO SEU PROJETO &Agrave; OUTRO PATAMAR.</p>', 0, 15, 12.57, 13.97, 5, 0, 1, 0, 0, '2,4,6,7,9,10,14,15,16,17,18,20,21', NULL, NULL, 0.041, 13, 6, 16, 0, 'lampada-led-dicroica-4-8wts-bivolt-6500k-24-112', 0, 0),
	(130, 42, 3, 'SE-130-564', 'LAMPADA LED DICROICA 07WTS 127V 2700K 24º DIMERIZAVEL', '<p>LAMPADA DE LED DE ULTIMA GERA&Ccedil;&Atilde;O, BONITA E FUNCIONAL ELEVA A ILUMINA&Ccedil;&Atilde;O DO SEU PROJETO &Agrave; OUTRO PATAMAR.</p>', 15, 15, 31.66, 35.18, 5, 0, 1, 0, 0, '2,4,6,7,9,10,14,15,16,17,18,20,21', NULL, NULL, 0.04, 13, 6, 16, 0, 'lampada-led-dicroica-07wts-127v-2700k-24-dimerizavel-77', 0, 0),
	(131, 43, 3, 'SE-110-536', 'LAMPADA LED PAR20 07WTS BIVOLT 2700K 24º IP54 ', '<p>LAMPADA DE LED DE ULTIMA GERA&Ccedil;&Atilde;O, CUMPRE A FUN&Ccedil;&Atilde;O DE ILUMINAR BEM E DECORAR AO MESMO TEMPO, ELEVANDO SEU PROJETO A OUTRO N&Iacute;VEL.</p>', 20, 15, 19.9, 22.12, 5, 0, 1, 0, 0, '2,4,6,7,9,10,14,15,16,17,18,20,21', NULL, NULL, 0.045, 7, 7, 10, 0, 'lampada-led-par20-07wts-bivolt-2700k-24-ip54-589', 1, 0),
	(132, 43, 3, 'SE-110-537', 'LAMPADA LED PAR20 07WTS BIVOLT 5700K 24º IP54', '<p>LAMPADA DE LED DE ULTIMA GERA&Ccedil;&Atilde;O, CUMPRE A FUN&Ccedil;&Atilde;O DE ILUMINAR BEM E DECORAR AO MESMO TEMPO, ELEVANDO SEU PROJETO A OUTRO N&Iacute;VEL.</p>', 0, 15, 19.9, 22.12, 5, 0, 1, 0, 0, '2,4,6,7,9,10,14,15,16,17,18,20,21', NULL, NULL, 0.045, 13, 7, 17, 0, 'lampada-led-par20-07wts-bivolt-5700k-24-ip54-553', 1, 0),
	(133, 43, 3, 'SE-110-538', 'LAMPADA LED PAR20 08WTS 127V 2700K 24º DIMERIZAVEL IP54', '<p>LAMPADA DE LED DE ULTIMA GERA&Ccedil;&Atilde;O, CUMPRE A FUN&Ccedil;&Atilde;O DE ILUMINAR BEM E DECORAR AO MESMO TEMPO, ELEVANDO SEU PROJETO A OUTRO N&Iacute;VEL.</p>', 10, 15, 29.79, 33.1, 5, 0, 1, 0, 0, '2,4,6,7,9,10,14,15,16,17,18,20,21', NULL, NULL, 0.05, 13, 7, 17, 0, 'lampada-led-par20-08wts-127v-2700k-24-dimerizavel-ip54-229', 0, 0),
	(134, 44, 3, 'SE-115-455', 'LAMPADA LED PAR30 10WTS BIVOLT 2700K 24º IP54', '<p>LAMPADA DE LED DE ULTIMA GERA&Ccedil;&Atilde;O, CUMPRE A FUN&Ccedil;&Atilde;O DE ILUMINAR BEM E DECORAR AO MESMO TEMPO, ELEVANDO SEU PROJETO A OUTRO N&Iacute;VEL.</p>', 10, 15, 41.24, 46.83, 5, 0, 1, 0, 0, '2,4,6,7,9,10,14,15,16,17,18,20,21', NULL, NULL, 0.12, 19, 9, 16, 0, 'lampada-led-par30-10wts-bivolt-2700k-24-ip54-254', 1, 0),
	(135, 44, 3, 'SE-115-849', 'LAMPADA LED PAR30 10WTS BIVOLT 5700K 24º IP54', '<p>LAMPADA DE LED DE ULTIMA GERA&Ccedil;&Atilde;O, CUMPRE A FUN&Ccedil;&Atilde;O DE ILUMINAR BEM E DECORAR AO MESMO TEMPO, ELEVANDO SEU PROJETO A OUTRO N&Iacute;VEL.</p>', 5, 15, 41.24, 46.83, 5, 0, 1, 0, 0, '2,4,6,7,9,10,14,15,16,17,18,20,21', NULL, NULL, 0.116, 19, 9, 16, 0, 'lampada-led-par30-10wts-bivolt-5700k-24-ip54-12', 1, 0),
	(136, 41, 3, 'SE-215-508', 'LAMPADA LED BULBO 9,5WTS BIVOLT 2700K 220º ', '<p>LAMPADA DE LED DE ULTIMA GERA&Ccedil;&Atilde;O, COM ILUMINA&Ccedil;&Atilde;O DIFUSA, CUMPRINDO COM COMPETENCIA A FUN&Ccedil;&Atilde;O DE ILUMINAR.</p>', 0, 15, 14.51, 16.13, 5, 0, 1, 0, 0, '2,4,6,7,9,10,14,15,16,17,18,20,21', NULL, NULL, 0.04, 6, 6, 11, 0, 'lampada-led-bulbo-9-5wts-bivolt-2700k-220-615', 0, 0),
	(137, 41, 3, 'SE-215-509', 'LAMPADA LED BULBO 9,5WTS BIVOLT 6500K 220º ', '<p>LAMPADA DE LED DE ULTIMA GERA&Ccedil;&Atilde;O, COM ILUMINA&Ccedil;&Atilde;O DIFUSA, CUMPRINDO COM COMPETENCIA A FUN&Ccedil;&Atilde;O DE ILUMINAR.</p>', 0, 15, 14.51, 16.13, 5, 0, 1, 0, 0, '2,4,6,7,9,10,14,15,16,17,18,20,21', NULL, NULL, 0.04, 6, 6, 11, 0, 'lampada-led-bulbo-9-5wts-bivolt-6500k-220-527', 0, 0),
	(138, 57, 3, 'SE-200-1459', 'LAMPADA LED VELA 5WTS BIVOLT 2700K E-14 140º', '<p>LAMPADA DE LED DE ULTIMA GERA&Ccedil;&Atilde;O, REFLETIVA, BONITA E FUNCIONAL, ELEVA A ILUMINA&Ccedil;&Atilde;O DO SEU PROJETO &Agrave; OUTRO PATAMAR.</p>', 15, 15, 22.3, 24.77, 5, 0, 1, 0, 0, '2,4,6,7,9,10,14,15,16,17,18,20,21', NULL, NULL, 0.03, 11, 6, 18, 0, 'lampada-led-vela-5wts-bivolt-2700k-e-14-140-438', 0, 0),
	(139, 23, 8, 'AR105P/118VV', 'ARANDELA BOX EFEITO FACHO DUPLO ABERTO', '<p>ARANDELA RETANGULAR EM ALUMINIO, USO INTERNO E EXTERNO, FACHO DUPLO, MODERNA E DECORATIVA, PARA DEIXAR SEU AMBIENTE AINDA MAIS ELEGANTE.</p>', 5, 15, 136.65, 181.83, 5, 0, 1, 0, 0, '1,2,3,4,5,6,7,18', NULL, NULL, 0.76, 12, 27, 12, 0, 'arandela-box-efeito-facho-duplo-aberto-200', 0, 0),
	(140, 23, 8, 'AR105VV', 'ARANDELA BOX EFEITO FACHO DUPLO ABERTO', '<p>ARANDELA RETANGULAR EM ALUMINIO, USO INTERNO E EXTERNO, FACHO DUPLO, MODERNA E DECORATIVA, PARA DEIXAR SEU AMBIENTE AINDA MAIS ELEGANTE.</p>', 4, 15, 120.62, 134.02, 5, 0, 1, 0, 0, '1,2,3,4,5,6,7,18,19', NULL, NULL, 0.68, 12, 18, 12, 0, 'arandela-box-efeito-facho-duplo-aberto-650', 0, 0),
	(141, 23, 8, 'AR105LL', 'ARANDELA BOX EFEITO FACHO DUPLO FECHADO', '<p>ARANDELA RETANGULAR EM ALUMINIO, USO INTERNO E EXTERNO, FACHO DUPLO, MODERNA E DECORATIVA, PARA DEIXAR SEU AMBIENTE AINDA MAIS ELEGANTE.</p>', 3, 15, 199.77, 221.97, 5, 0, 1, 0, 0, '1,2,3,4,5,6,7,18,19', NULL, NULL, 1.12, 11, 18, 13, 0, 'arandela-box-efeito-facho-duplo-fechado-952', 0, 0),
	(142, 23, 8, 'AR105V', 'ARANDELA BOX EFEITO FACHO UNICO ABERTO', '<p>ARANDELA RETANGULAR EM ALUMINIO, USO INTERNO E EXTERNO, FACHO UNICO, MODERNA E DECORATIVA, PARA DEIXAR SEU AMBIENTE AINDA MAIS ELEGANTE.</p>', 0, 15, 107.12, 119.03, 5, 0, 1, 0, 0, '1,2,3,4,5,6,7,18,19', NULL, NULL, 0.63, 11, 18, 13, 0, 'arandela-box-efeito-facho-unico-aberto-8', 1, 0),
	(143, 23, 8, 'AR105LV', 'ARANDELA BOX EFEITO FACHO DUPLO ABERTO E FECHADO', '<p>ARANDELA RETANGULAR EM ALUMINIO, USO INTERNO E EXTERNO, FACHO DUPLO ABERTO E FECHADO, MODERNA E DECORATIVA, PARA DEIXAR SEU AMBIENTE AINDA MAIS ELEGANTE.</p>', 0, 15, 167.26, 185.84, 5, 0, 1, 0, 0, '1,2,3,4,5,6,7,18,19', NULL, NULL, 0.885, 11, 18, 13, 0, 'arandela-box-efeito-facho-duplo-aberto-e-fechado-520', 1, 0),
	(144, 23, 8, 'AR106VV', 'ARANDELA EFEITO FACHO DUPLO ABERTO E ABERTO', '<p>ARANDELA RETANGULAR EM ALUMINIO, USO INTERNO E EXTERNO, FACHO DUPLO ABERTO E ABERTO, MODERNA E DECORATIVA, PARA DEIXAR SEU AMBIENTE AINDA MAIS ELEGANTE.</p>', 2, 15, 82.88, 92.09, 5, 0, 1, 0, 0, '1,2,3,4,5,6,7,18,19', NULL, NULL, 0.41, 12, 18, 12, 0, 'arandela-efeito-facho-duplo-aberto-e-aberto-258', 0, 0),
	(145, 23, 8, 'AR104VV', 'ARANDELA CUBO FACHO DUPLO ABERTO E ABERTO', '<p>ARANDELA QUADRADA EM ALUMINIO, USO INTERNO E EXTERNO, FACHO DUPLO ABERTO, MODERNA E DECORATIVA, PARA DEIXAR SEU AMBIENTE AINDA MAIS ELEGANTE.</p>', 3, 15, 86.4, 96.01, 5, 0, 1, 0, 0, '1,2,3,4,5,6,7,18,19', NULL, NULL, 0.47, 12, 13, 12, 0, 'arandela-cubo-facho-duplo-aberto-e-aberto-694', 0, 0),
	(146, 23, 8, 'AR104V', 'ARANDELA CUBO FACHO UNICO ABERTO ', '<p>ARANDELA QUADRADA EM ALUMINIO, USO INTERNO E EXTERNO, FACHO UNICO ABERTO, MODERNA E DECORATIVA, PARA DEIXAR SEU AMBIENTE AINDA MAIS ELEGANTE.</p>', 0, 15, 74.83, 83.15, 5, 0, 1, 0, 0, '1,2,3,4,5,6,7,18,19', NULL, NULL, 0.43, 12, 13, 12, 0, 'arandela-cubo-facho-unico-aberto-258', 1, 0),
	(147, 23, 8, 'AR182P', 'ARANDELA RETANGULAR COM FRISOS 13X18X10CM', '<p>ARANDELA RETANGULAR EM ALUMINIO E VIDRO, COM BOA EFICIENCIA DE ILUMINA&Ccedil;&Atilde;O,&nbsp; USO EXTERNO E INTERNO, COM FRISOS EM ALUMINIO, RECOMENDADO PARA TODOS OS TIPOS AMBIENTES.</p>', 3, 15, 78.47, 87.19, 5, 0, 1, 1, 0, '1,2,3,4,5,6,7,18,19', NULL, NULL, 0.58, 11, 19, 15, 0, 'arandela-retangular-com-frisos-13x18x10cm-543', 0, 0),
	(148, 26, 8, 'PF119G', 'PLAFON SOBREPOR QUADRADO LUZ INDIRETA 55X55X06CM', '<p>PLAFON EM ALUMINIO COM ILUMINA&Ccedil;&Atilde;O INDIRETA AGRAD&Aacute;VEL, DEIXANDO O AMBIENTE AINDA MAIS ACONCHEGANTE.</p>', 1, 15, 296.87, 329.85, 5, 0, 1, 1, 0, '1,2,3,4,5,6,7,18,19', NULL, NULL, 3.72, 11, 57, 57, 0, 'plafon-sobrepor-quadrado-luz-indireta-55x55x06cm-704', 0, 0),
	(149, 26, 8, 'PF119M', 'PLAFON SOBREPOR QUADRADO LUZ INDIRETA 45X45X06CM', '<p>PLAFON EM ALUMINIO COM ILUMINA&Ccedil;&Atilde;O INDIRETA AGRAD&Aacute;VEL, DEIXANDO O AMBIENTE AINDA MAIS ACONCHEGANTE.</p>', 1, 15, 236.9, 262.11, 5, 0, 1, 1, 0, '1,2,3,4,5,6,7,18,19', NULL, NULL, 3.09, 11, 50, 50, 0, 'plafon-sobrepor-quadrado-luz-indireta-45x45x06cm-455', 0, 0),
	(150, 17, 19, 'SD7025', 'PLAFON DE CRISTAIS TRANSLUCIDOS E CHAMPANHE', '<p>PLAFON DE SOBREPOR, MODERNO E SOFISTICADO COM CRISTAIS TRANSLUCIDOS E CHAMPANHE,TRAZ BELEZA E REQUINTE AO AMBIENTE, VALORIZANDO SEU PROJETO.</p>', 0, 15, 4213.28, 4681.42, 5, 0, 0, 0, 0, '1,2,3,4,5,6,7,19', NULL, NULL, 5, 70, 30, 70, 0, 'plafon-de-cristais-translucidos-e-champanhe-137', 1, 0),
	(151, 39, 25, '50057', 'VENTILADOR DE TETO CARIBBEAN BREEZE BRONZE ANTIGO 110V', '<p>VENTILADOR HUNTER , ULTRA SILENCIOSO, 5 P&Aacute;S EM VIME NATURAL, ACIONAMENTO POR CORRENTE (OP&Ccedil;&Atilde;O DE CONTROLE REMOTO) 127v. A Hunter desenvolveu a tecnologia Quiet For Life&trade;, espec&iacute;fica para que os ventiladores de teto n&atilde;o trepidem, tornando-os de maior movimenta&ccedil;&atilde;o de ar associada aos menores ru&iacute;dos.</p>\r\n<p>A Auto Balance&reg; Tecnology garante estabilidade das p&aacute;s, evitando trepida&ccedil;&atilde;o e oscila&ccedil;&atilde;o durante o funcionamento e a inova&ccedil;&atilde;o ant . Possui p&aacute;s de composite feitas de material h&iacute;brido de alta resist&ecirc;ncia, que garante durabilidade e beleza. Possui sistema Pull Chain &ndash; com corrente, que permite ligar e desligar o equipamento facilmente e o acionamento r&aacute;pido do controle de velocidade.</p>\r\n<p>O ventilador Hunter possui o selo Procel categoria A, classifica&ccedil;&atilde;o pelo baixo consumo de energia. Al&eacute;m disso, o uso em conjunto com o condicionador de ar reduz o consumo total de energia na refrigera&ccedil;&atilde;o do ambiente.</p>', -3, 15, 1512.82, 1680.92, 5, 1, 0, 0, 0, '2,3,4,5,6,7,19,24,18', NULL, NULL, 11.52, 37, 32, 64, 0, 'ventilador-de-teto-caribbean-breeze-bronze-antigo-5-pas-com-iluminacao-acionamento-por-corrente-127v', 0, 0),
	(152, 39, 25, '50058', 'VENTILADOR DE TETO CARIBBEAN BRANCO TEXTURIZADO 110V', '<p>VENTILADOR HUNTER , ULTRA SILENCIOSO, 5 PAS EM VIME NATURAL, ACIONAMENTO POR CORRENTE (OP&Ccedil;&Atilde;O DE CONTROLE REMOTO) 127v. A Hunter desenvolveu a tecnologia Quiet For Life&trade;, espec&iacute;fica para que os ventiladores de teto n&atilde;o trepidem, tornando-os de maior movimenta&ccedil;&atilde;o de ar associada aos menores ru&iacute;dos.</p>\r\n<p>A Auto Balance&reg; Tecnology garante estabilidade das p&aacute;s, evitando trepida&ccedil;&atilde;o e oscila&ccedil;&atilde;o durante o funcionamento e a inova&ccedil;&atilde;o ant . Possui p&aacute;s de composite feitas de material h&iacute;brido de alta resist&ecirc;ncia, que garante durabilidade e beleza. Possui sistema Pull Chain &ndash; com corrente, que permite ligar e desligar o equipamento facilmente e o acionamento r&aacute;pido do controle de velocidade.</p>\r\n<p>O ventilador Hunter possui o selo Procel categoria A, classifica&ccedil;&atilde;o pelo baixo consumo de energia. Al&eacute;m disso, o uso em conjunto com o condicionador de ar reduz o consumo total de energia na refrigera&ccedil;&atilde;o do ambiente.</p>', 0, 15, 1353.41, 1503.79, 5, 0, 0, 0, 0, '2,3,4,5,6,7,19,24,18', NULL, NULL, 11.52, 37, 32, 64, 0, 'ventilador-de-teto-caribbean-branco-texturizado-258', 0, 0),
	(153, 39, 25, '50857', 'VENTILADOR DE TETO CARIBBEAN BREEZE BRONZE ANTIGO 220V', '<p>VENTILADOR HUNTER , ULTRA SILENCIOSO, 5 PAS EM VIME NATURAL, ACIONAMENTO POR CORRENTE (OP&Ccedil;&Atilde;O DE CONTROLE REMOTO) 220v. A Hunter desenvolveu a tecnologia Quiet For Life&trade;, espec&iacute;fica para que os ventiladores de teto n&atilde;o trepidem, tornando-os de maior movimenta&ccedil;&atilde;o de ar associada aos menores ru&iacute;dos.</p>\r\n<p>A Auto Balance&reg; Tecnology garante estabilidade das p&aacute;s, evitando trepida&ccedil;&atilde;o e oscila&ccedil;&atilde;o durante o funcionamento e a inova&ccedil;&atilde;o ant . Possui p&aacute;s de composite feitas de material h&iacute;brido de alta resist&ecirc;ncia, que garante durabilidade e beleza. Possui sistema Pull Chain &ndash; com corrente, que permite ligar e desligar o equipamento facilmente e o acionamento r&aacute;pido do controle de velocidade.</p>\r\n<p>O ventilador Hunter possui o selo Procel categoria A, classifica&ccedil;&atilde;o pelo baixo consumo de energia. Al&eacute;m disso, o uso em conjunto com o condicionador de ar reduz o consumo total de energia na refrigera&ccedil;&atilde;o do ambiente.</p>', 0, 15, 1512.82, 1680.92, 5, 0, 0, 0, 0, '2,3,4,5,6,7,18,19,24', NULL, NULL, 11.52, 37, 32, 64, 0, 'ventilador-de-teto-caribbean-breeze-bronze-antigo-220v-747', 0, 0),
	(154, 39, 25, '50858', 'VENTILADOR DE TETO CARIBBEAN BRANCO TEXTURIZADO 220V', '<p>VENTILADOR HUNTER , ULTRA SILENCIOSO, PAS EM VIME NATURAL, ACIONAMENTO POR CORRENTE (OP&Ccedil;&Atilde;O DE CONTROLE REMOTO) 220v. A Hunter desenvolveu a tecnologia Quiet For Life&trade;, espec&iacute;fica para que os ventiladores de teto n&atilde;o trepidem, tornando-os de maior movimenta&ccedil;&atilde;o de ar associada aos menores ru&iacute;dos.</p>\r\n<p>A Auto Balance&reg; Tecnology garante estabilidade das p&aacute;s, evitando trepida&ccedil;&atilde;o e oscila&ccedil;&atilde;o durante o funcionamento e a inova&ccedil;&atilde;o ant . Possui p&aacute;s de composite feitas de material h&iacute;brido de alta resist&ecirc;ncia, que garante durabilidade e beleza. Possui sistema Pull Chain &ndash; com corrente, que permite ligar e desligar o equipamento facilmente e o acionamento r&aacute;pido do controle de velocidade.</p>\r\n<p>O ventilador Hunter possui o selo Procel categoria A, classifica&ccedil;&atilde;o pelo baixo consumo de energia. Al&eacute;m disso, o uso em conjunto com o condicionador de ar reduz o consumo total de energia na refrigera&ccedil;&atilde;o do ambiente.</p>', 0, 15, 1353.41, 1503.79, 5, 0, 0, 0, 0, '2,3,4,5,6,7,18,19,24', NULL, NULL, 11.52, 37, 32, 64, 0, 'ventilador-de-teto-caribbean-branco-texturizado-220v-488', 0, 0),
	(155, 38, 3, '07737', 'EMBUTIDO DE SOLO 8W BIVOLT', '<p>EMBUTIDO DE SOLO DE ULTIMA GERA&Ccedil;&Atilde;O, ARO EM INOX, UTILIZADO EM AREA EXTERNA PARA DAR DESTAQUE AO JARDIM, EFEITOS EM MUROS, ELEVANDO ASSIM A ILUMINA&Ccedil;&Atilde;O DO SEU PROJETO &Agrave; OUTRO PATAMAR.</p>\r\n<p>PRODUTO FABRICADO NO BRASIL</p>', 0, 15, 95.41, 106.01, 5, 0, 0, 0, 0, '1,2,3,4,5,6,7,8,9,10,12,18,19,23,14,20,21,22', NULL, NULL, 0.4, 10.5, 14.3, 10.5, 0, 'embutido-de-solo-8w-bivolt-332', 0, 0),
	(156, 38, 3, 'SE-325948', 'ESPETO DE LED 7W BIVOLT', '<p>ESPETO DE LED DE ULTIMA GERA&Ccedil;&Atilde;O, UTILIZADO EM AREA EXTERNA PARA DAR DESTAQUE AO JARDIM, COM &Acirc;NGULO AJUST&Aacute;VEL, ELEVANDO ASSIM A ILUMINA&Ccedil;&Atilde;O DO SEU PROJETO &Agrave; OUTRO PATAMAR.</p>\r\n<p>PRODUTO FABRICADO NO BRASIL</p>', 5, 15, 55.98, 62.2, 5, 0, 0, 0, 0, '1,2,3,4,5,6,7,8,9,10,12,18,19,23', NULL, NULL, 0.12, 6.5, 30, 6.5, 0, 'espeto-de-led-7w-bivolt-278', 0, 0),
	(157, 52, 19, 'STH7905/30', 'SPOT DE EMBUTIR PARA MÓVEIS BRANCO', '<p>CRIADAS PARA GARANTIR PRATICIDADE E ALTO PADR&Atilde;O DE QUALIDADE, AS LUMIN&Aacute;RIAS DE LED STELLA S&Atilde;O SOLU&Ccedil;OES INTEGRADAS, SINTONIZADAS &Agrave;S TEND&Ecirc;NCIAS MUNDIAIS EM TECNOLOGIA. ALIAM DESIGN MODERNO E MINIMALISTA EM PRODUTOS QUE DEIXAM A LUZ EM TOTAL EVID&Ecirc;NCIA.</p>', 0, 15, 76.09, 84.54, 5, 0, 0, 0, 0, '1,2,3,4,5,6,7,8,9,10,11,12,18,19', NULL, NULL, 0.08, 12, 3, 16.5, 0, 'spot-de-embutir-para-moveis-prata-842', 0, 0),
	(158, 18, 26, 'AL451', 'PENDENTE ALUMÍNIO PRETO FOSCO COM DOURADO (INTERNO) 19X40CM', '<p>PENDENTE EM ALUM&Iacute;NIO PRETO FOSCO COM DOURADO INTERNO, R&Eacute;PLICA DO PENDENTE TOM DIXON, IDEAL PARA DAR UM AR DE SOFISTICA&Ccedil;&Atilde;O E DESIGN MODERNO A SUA SALA, SALA DE JANTAR, AREA GOURMET E OUTROS AMBIENTES.</p>\r\n<p>EXPERIMENTE COMPOR AS 3 PE&Ccedil;AS DESSA LINHA (COMO NA FOTO), FICAM LINDAS NO AMBIENTE!!</p>', 1, 15, 152.45, 169.39, 5, 0, 0, 0, 0, '1,2,3,4,5,7,13,18,19,23', NULL, NULL, 1.1, 24, 47, 24, 0, 'pendente-aluminio-preto-fosco-com-dourado-interno-19x40cm-566', 0, 0),
	(159, 18, 26, 'AL452', 'PENDENTE ALUMÍNIO PRETO FOSCO COM DOURADO (INTERNO) 35X18CM', '<p>PENDENTE EM ALUM&Iacute;NIO PRETO FOSCO COM DOURADO INTERNO, R&Eacute;PLICA DO PENDENTE TOM DIXON, IDEAL PARA DAR UM AR DE SOFISTICA&Ccedil;&Atilde;O E DESIGN MODERNO A SUA SALA, SALA DE JANTAR, AREA GOURMET E OUTROS AMBIENTES.</p>\r\n<p>&nbsp;</p>\r\n<p>EXPERIMENTE COMPOR AS 3 PE&Ccedil;AS DESSA LINHA (COMO NA FOTO), FICAM LINDAS NO AMBIENTE!!</p>', 1, 15, 152.45, 169.39, 5, 0, 0, 0, 0, '1,2,3,4,5,7,13,18,19,23', NULL, NULL, 1.3, 40, 24, 40, 0, 'pendente-aluminio-preto-fosco-com-dourado-interno-35x18cm-456', 0, 0),
	(160, 18, 26, 'AL453', 'PENDENTE ALUMINIO PRETO FOSCO COM DOURADO (INTERNO) 25X33CM', '<p>PENDENTE EM ALUM&Iacute;NIO PRETO FOSCO COM DOURADO INTERNO, R&Eacute;PLICA DO PENDENTE TOM DIXON, IDEL PARA DAR UM AR DE SOFISTICA&Ccedil;&Atilde;O E DESIGN MODERNO A SUA SALA, SALA DE JANTAR, AREA GOURMET E OUTROS AMBIENTES.</p>\r\n<p>&nbsp;</p>\r\n<p>EXPERIMENTE COMPOR AS 3 PE&Ccedil;AS DESSA LINHA (COMO NA FOTO), FICAM LINDAS NO AMBIENTE!!</p>', 1, 15, 152.45, 169.39, 5, 0, 0, 0, 0, '1,2,3,4,5,7,13,18,19,23', NULL, NULL, 1, 25, 35, 25, 0, 'pendente-aluminio-preto-fosco-com-dourado-interno-25x32cm-10', 0, 0),
	(161, 18, 27, '461CO', 'PENDENTE ARAMADO COBRE 28CM', '<p>Pendente em aluminio cobre, no formato de diamante.</p>\r\n<p>Utilizando lampada decorativa vintage, seu ambiente ficar&aacute; sofisticado com um design retro lindo e cheio de charme.</p>\r\n<p>Ideal para a sala de jantar, area gourmet e outros ambientes.&nbsp;</p>', 1, 15, 161.29, 179.32, 5, 1, 0, 0, 0, '1,2,3,4,5,7,13,18,23', NULL, NULL, 2.8, 32, 40, 32, 0, 'pendente-aramado-cobre-28cm-320', 0, 0),
	(162, 52, 4, 'IN51354', 'SPOT DE EMBUTIR RECUADO II 04 AR111', '<p>SPOT DE EMBUTIR COM FOCO RECUADO E, DIRECION&Aacute;VEL, MODERNO E SOFISTICADO, TRAZ BELEZA E REQUINTE AO AMBIENTE, VALORIZANDO SEU PROJETO.</p>', 0, 15, 190.26, 211.4, 5, 0, 0, 0, 0, '2,3,4,5,6,7,11,19', NULL, NULL, 0.98, 35, 6, 35, 0, 'spot-de-embutir-recuado-ii-04-ar111-312', 0, 0),
	(163, 30, 3, '08031', 'CONEXÃO SISTEMA CONECTA LAMPADA PAR20/DICROICA/AR70', '<p>Conector para fixa&ccedil;&atilde;o de Spots embutir Save Energy em s&eacute;rie.</p>', 10, 2, 7.84, 8.71, 5, 0, 0, 0, 0, NULL, NULL, NULL, 0.15, 0.02, 0.02, 0.1, 0, 'conexao-sistema-conecta-lampada-par20-dicroica-ar70-772', 0, 0),
	(164, 30, 3, '07794', 'CONEXÃO SISTEMA CONECTA LAMPADA PAR30 AR111', '<p>Conector para fixa&ccedil;&atilde;o de Spots embutir Save Energy em s&eacute;rie AR111 - PAR30.</p>', 15, 1, 7.85, 8.71, 5, 0, 0, 0, 0, NULL, NULL, NULL, 0.18, 0.02, 0.02, 0.1, 0, 'conexao-sistema-conecta-lampada-par30-ar111-903', 0, 0),
	(165, 24, 24, '08156', 'ARANDELA QUASAR BALLET LED 5 WATTS BR', '', 15, 0, 134.85, 149.84, 5, 1, 1, 1, 0, '1,2,3,4,5,6,7,8,9,10,11,12,14,15,17,19,21,22,23', NULL, NULL, 0.38, 0.11, 0.11, 0.11, 0, 'arandela-quasar-ballet-led-5-watts-br-669', 0, 0),
	(166, 24, 24, '08233', 'ARANDELA QUASAR BALLET LED 5 WATTS PT', '', 15, 1, 134.85, 149.84, 5, 1, 1, 1, 0, '1,2,3,4,5,6,7,8,9,10,11,12,14,15,17,19,20,21,22,23', NULL, NULL, 0.38, 0.11, 0.11, 0.11, 0, 'arandela-quasar-ballet-led-5-watts-br-877', 0, 0);
/*!40000 ALTER TABLE `products` ENABLE KEYS */;

-- Copiando estrutura para tabela ecommerce.products_images
CREATE TABLE IF NOT EXISTS `products_images` (
  `id` int(11) unsigned NOT NULL AUTO_INCREMENT,
  `id_product` int(11) NOT NULL,
  `url` varchar(250) NOT NULL DEFAULT '',
  PRIMARY KEY (`id`)
) ENGINE=InnoDB AUTO_INCREMENT=287 DEFAULT CHARSET=utf8;

-- Copiando dados para a tabela ecommerce.products_images: ~227 rows (aproximadamente)
/*!40000 ALTER TABLE `products_images` DISABLE KEYS */;
INSERT INTO `products_images` (`id`, `id_product`, `url`) VALUES
	(1, 1, 'plafon-acrilico-lotta-retangular-65x20cm-foto01.jpg'),
	(2, 2, 'plafon-acrilico-lotta-quadrado-15x15cm-foto01.jpg'),
	(3, 3, 'plafon-acrilico-lotta-quadrado-20x20cm-foto01.jpg'),
	(4, 4, 'plafon-acrilico-lotta-quadrado-38x38cm-foto01.jpg'),
	(5, 5, 'plafon-acrilico-lotta-quadrado-48x48cm-foto01.jpg'),
	(6, 6, 'plafon-acrilico-led-sophie-c-cristais-38x38cm-3000k-foto01.jpg'),
	(7, 7, 'plafon-acrilico-led-endy-com-espelho-38x38cm-3000k-foto01.jpg'),
	(8, 8, 'plafon-acrilico-led-endy-com-espelho-54x54cm-3000k-foto01.jpg'),
	(9, 9, 'pendente-acrilico-e-madeira-louise-wood-53cm-diametro-foto01.jpg'),
	(10, 10, 'pendente-acrilico-luna-branco-55cm-diametro-foto01.jpg'),
	(11, 11, 'pendente-acrilico-luna-preto-55cm-diametro-foto01.jpg'),
	(12, 12, 'spot-de-embutir-quadrado-acrilico-transparente-una-sfera-foto01.jpg'),
	(13, 13, 'plafon-acrilico-leitoso-nadir-20x20cm-foto02.jpg'),
	(14, 13, 'plafon-acrilico-leitoso-nadir-20x20cm-foto01.jpg'),
	(15, 14, 'plafon-acrilico-leitoso-nadir-34x34cm-foto01.jpg'),
	(16, 14, 'plafon-acrilico-leitoso-nadir-34x34cm-foto02.jpg'),
	(19, 16, 'plafon-acrilico-vega-20x20cm-foto01.jpg'),
	(20, 16, 'plafon-acrilico-vega-20x20cm-foto02.jpg'),
	(21, 17, 'plafon-quadrado-metal-17x17cm-foto01.jpg'),
	(22, 18, 'plafon-quadrado-metal-23x23cm-foto01.jpg'),
	(23, 19, 'plafon-quadrado-metal-30x30cm-foto01.jpg'),
	(24, 20, 'plafon-quadrado-metal-40x40cm-foto01.jpg'),
	(25, 21, 'arandela-retangular-5-vidros-20x13x09-cm-branca-foto01.jpg'),
	(26, 22, 'arandela-retangular-5-vidros-20x13x09-cm-marrom-foto01.jpg'),
	(27, 23, 'arandela-triangular-aluminio-30x20x09cm-branca-foto01.png'),
	(28, 24, 'arandela-triangular-aluminio-22x20x09cm-branca-foto01.png'),
	(31, 27, 'arandela-retangular-mini-aluminio-23x12x07cm-branca-foto01.png'),
	(32, 28, 'luminaria-de-embutir-quadrada-preta-16cm-foto01.jpg'),
	(33, 29, 'luminaria-de-embutir-quadrada-branca-foto01.jpg'),
	(34, 30, 'arandela-efeito-branca-foto01.jpg'),
	(35, 31, 'arandela-sextavada-pt-foto01.png'),
	(36, 32, 'arandela-branca-com-vidro-foto01.png'),
	(37, 33, 'pendente-de-ferro-com-corrente-preto-foto01.png'),
	(38, 34, 'arandela-triangular-branca-foto01.png'),
	(39, 35, 'arandela-triangular-preta-foto01.png'),
	(40, 36, 'plafon-luigi-cristal-transparente-foto01.jpg'),
	(41, 37, 'embutido-down-light-quadrado-cromado-com-cristal-piramide-foto01.jpg'),
	(42, 38, 'embutido-com-cristal-quadrado-foto01.png'),
	(43, 38, 'embutido-com-cristal-quadrado-foto02.png'),
	(44, 39, 'lustre-de-cristal-rafinnato-com-8-bracos-68x56-cm-foto01.jpg'),
	(45, 39, 'lustre-de-cristal-rafinnato-com-8-bracos-68x56-cm-foto02.png'),
	(46, 40, 'lustre-de-cristal-rafinnato-com-8-bracos-73x61-cm-foto01.png'),
	(47, 40, 'lustre-de-cristal-rafinnato-com-8-bracos-73x61-cm-foto02.png'),
	(48, 41, 'arandela-triangular-aluminio-24x20x09cm-branca-foto01.jpg'),
	(49, 42, 'arandela-gala-cromada-27x10-foto01.png'),
	(50, 43, 'pendente-gala-titanio-25cm-foto01.png'),
	(51, 44, 'arandela-hera-26cm-foto01.jpg'),
	(52, 45, 'arandela-hera-40cm-foto01.jpg'),
	(53, 46, 'arandela-hera-60cm-foto01.jpg'),
	(55, 48, 'plafon-quadro-branco-40x40cm-foto01.jpg'),
	(56, 49, 'plafon-quadrado-cafe-16x16cm-foto01.jpg'),
	(57, 50, 'plafon-quadrado-branco-20x20cm-foto01.jpg'),
	(58, 51, 'plafon-quadrado-branco-vidro-redondo-jateado-20x20cm-foto01.jpg'),
	(59, 51, 'plafon-quadrado-branco-vidro-redondo-jateado-20x20cm-foto02.jpg'),
	(60, 52, 'arandela-triangular-aluminio-23x18x10cm-branca-foto01.jpg'),
	(61, 53, 'plafon-quadrado-branco-30x30cm-foto01.jpg'),
	(62, 54, 'plafon-pillow-branco-25x25cm-foto01.jpg'),
	(63, 55, 'plafon-pillow-branco-36x36cm-foto01.jpg'),
	(64, 56, 'pendente-pilko-preto-foto01.jpg'),
	(65, 57, 'plafon-box-branco-texturizado-12x12cm-foto01.jpg'),
	(66, 57, 'plafon-box-branco-texturizado-12x12cm-foto02.png'),
	(67, 58, 'plafon-de-embutir-inside-38x38x15cm-foto01.jpg'),
	(68, 59, 'plafon-de-embutir-inside-20x20x15cm-foto01.jpg'),
	(69, 60, 'plafon-versatille-detalhe-a-laser-branco-foto01.jpg'),
	(70, 61, 'plafon-loft-vidro-fosco-acetinado-25x25cm-foto01.jpg'),
	(71, 62, 'plafon-loft-vidro-fosco-acetinado-40x40cm-foto01.jpg'),
	(72, 63, 'arandela-quadrada-cromada-com-vidro-foto01.jpg'),
	(73, 64, 'plafon-de-embutir-com-espelho-25x25cm-foto01.jpg'),
	(74, 65, 'plafon-de-embutir-pastilhado-branco-17x17x11cm-foto01.jpg'),
	(75, 66, 'plafon-de-embutir-pastilhado-branco-27x27x11cm-foto01.jpg'),
	(76, 67, 'plafon-aruba-pequeno-escovado-foto01.jpg'),
	(77, 68, 'plafon-aruba-grande-escovado-foto01.jpg'),
	(78, 69, 'plafon-new-quadrus-45-5x45-5x11-5cm-foto01.jpg'),
	(79, 70, 'spot-de-embutir-quadrado-recuado-branco-par20-foto01.jpg'),
	(80, 71, 'spot-de-embutir-quadrado-recuado-branco-dicroica-foto01.jpg'),
	(81, 72, 'spot-de-embutir-quadrado-recuado-branco-ar111-foto01.jpg'),
	(82, 73, 'arandela-de-efeito-escovada-foto01.jpg'),
	(83, 74, 'spot-de-embutir-recuado-ii-par20-foto01.jpg'),
	(84, 75, 'spot-de-embutir-recuado-ii-ar70-foto01.jpg'),
	(85, 76, 'spot-de-embutir-recuado-ii-ar111-foto01.jpg'),
	(86, 77, 'spot-de-embutir-recuado-ii-par30-foto01.jpg'),
	(87, 78, 'spot-de-embutir-recuado-ii-dicroica-foto01.jpg'),
	(88, 79, 'arandela-foco-duplo-branca-foto01.jpg'),
	(90, 81, 'arandela-articulada-snow-glass-foto01.jpg'),
	(91, 82, 'pendente-sushi-pequeno-37cm-diametro-foto01.jpg'),
	(92, 82, 'pendente-sushi-pequeno-37cm-diametro-foto02.jpg'),
	(93, 82, 'pendente-sushi-pequeno-37cm-diametro-foto03.png'),
	(94, 82, 'pendente-sushi-pequeno-37cm-diametro-foto04.jpg'),
	(95, 83, 'pendente-sushi-medio-53cm-diametro-foto01.jpg'),
	(96, 83, 'pendente-sushi-medio-53cm-diametro-foto02.jpg'),
	(97, 83, 'pendente-sushi-medio-53cm-diametro-foto03.png'),
	(98, 83, 'pendente-sushi-medio-53cm-diametro-foto04.jpg'),
	(99, 84, 'pendente-sushi-medio-53cm-diametro-foto01.jpg'),
	(100, 85, 'pendente-sushi-grande-68cm-diametro-foto01.jpg'),
	(101, 85, 'pendente-sushi-grande-68cm-diametro-foto02.jpg'),
	(102, 85, 'pendente-sushi-grande-68cm-diametro-foto03.png'),
	(103, 85, 'pendente-sushi-grande-68cm-diametro-foto04.jpg'),
	(104, 82, 'pendente-sushi-pequeno-37cm-diametro-foto05.jpg'),
	(105, 83, 'pendente-sushi-medio-53cm-diametro-foto05.jpg'),
	(106, 84, 'pendente-sushi-medio-53cm-diametro-foto02.jpg'),
	(107, 85, 'pendente-sushi-grande-68cm-diametro-foto05.jpg'),
	(111, 87, 'spot-de-embutir-quadrado-plano-par30-il0159-foto01.jpg'),
	(112, 88, 'spot-de-embutir-quadrado-plano-ar70-il0090-foto01.jpg'),
	(113, 89, 'spot-de-embutir-quadrado-plano-par20-il0092-foto01.jpg'),
	(114, 89, 'spot-de-embutir-quadrado-plano-par20-il0092-foto02.jpg'),
	(115, 89, 'spot-de-embutir-quadrado-plano-par20-il0092-foto03.jpg'),
	(116, 89, 'spot-de-embutir-quadrado-plano-par20-il0092-foto04.jpg'),
	(117, 89, 'spot-de-embutir-quadrado-plano-par20-il0092-foto05.jpg'),
	(118, 89, 'spot-de-embutir-quadrado-plano-par20-il0092-foto06.jpg'),
	(125, 91, 'spot-de-embutir-redondo-plano-ar111-il0160-foto01.jpg'),
	(126, 91, 'spot-de-embutir-redondo-plano-ar111-il0160-foto02.jpg'),
	(127, 92, 'spot-de-embutir-redondo-plano-dicroica-il0073-foto01.jpg'),
	(128, 92, 'spot-de-embutir-redondo-plano-dicroica-il0073-foto02.jpg'),
	(129, 93, 'spot-de-embutir-redondo-plano-par30-il0162-foto01.jpg'),
	(130, 93, 'spot-de-embutir-redondo-plano-par30-il0162-foto02.jpg'),
	(131, 94, 'spot-de-embutir-redondo-plano-ar70-il0089-foto01.jpg'),
	(132, 94, 'spot-de-embutir-redondo-plano-ar70-il0089-foto02.jpg'),
	(136, 93, 'spot-de-embutir-redondo-plano-par30-il0162-foto03.jpg'),
	(137, 96, 'spot-de-embutir-quadrado-recuado-dicroica-mini-dicroica-foto01.png'),
	(138, 97, 'spot-de-embutir-quadrado-recuado-ar70-foto01.png'),
	(139, 98, 'spot-de-embutir-quadrado-recuado-par20-foto01.png'),
	(140, 99, 'spot-de-embutir-quadrado-recuado-ar111-foto01.png'),
	(141, 100, 'spot-de-embutir-quadrado-recuado-par30-foto01.png'),
	(142, 101, 'spot-de-embutir-redondo-dicroica-mini-dicroica-foto01.png'),
	(143, 102, 'spot-de-embutir-redondo-ar70-foto01.png'),
	(144, 103, 'spot-de-embutir-redondo-par20-foto01.png'),
	(145, 104, 'spot-de-embutir-redondo-ar111-foto01.png'),
	(146, 105, 'spot-de-embutir-redondo-plano-par30-foto01.png'),
	(147, 106, 'placa-de-led-embutir-17x17cm-12wts-3000k-foto01.png'),
	(148, 107, 'placa-de-led-embutir-17x17cm-12wts-5700k-foto01.png'),
	(149, 108, 'placa-de-led-embutir-22-5x22-5cm-20wts-3000k-foto01.png'),
	(150, 109, 'placa-de-led-embutir-22-5x22-5cm-20wts-5700k-foto01.png'),
	(151, 110, 'placa-de-led-embutir-30x30cm-25wts-3000k-foto01.png'),
	(152, 111, 'placa-de-led-embutir-30x30cm-25wts-5700k-foto01.png'),
	(153, 112, 'placa-de-led-embutir-40x40cm-36wts-3000k-foto01.png'),
	(154, 113, 'placa-de-led-embutir-40x40cm-36wts-5700k-foto01.png'),
	(155, 114, 'placa-de-led-embutir-62x62cm-45wts-3000k-foto01.png'),
	(156, 115, 'placa-de-led-embutir-62x62cm-45wts-5700k-foto01.png'),
	(161, 116, 'placa-de-led-soprepor-17x17cm-12wts-3000k-foto01.png'),
	(162, 116, 'placa-de-led-soprepor-17x17cm-12wts-3000k-foto02.png'),
	(163, 117, 'placa-de-led-soprepor-17x17cm-12wts-5700k-foto01.png'),
	(165, 118, 'placa-de-led-soprepor-22x22cm-20wts-3000k-foto01.png'),
	(166, 119, 'placa-de-led-soprepor-22x22cm-20wts-5700k-foto01.png'),
	(167, 120, 'placa-de-led-soprepor-30x30cm-25wts-3000k-foto01.png'),
	(168, 120, 'placa-de-led-soprepor-30x30cm-25wts-3000k-foto02.png'),
	(169, 121, 'placa-de-led-soprepor-30x30cm-25wts-5700k-foto01.png'),
	(171, 122, 'placa-de-led-soprepor-40x40cm-36wts-3000k-foto01.png'),
	(172, 123, 'placa-de-led-soprepor-40x40cm-36wts-5700k-foto01.png'),
	(176, 126, 'lampada-led-ar111-13wts-bivolt-2700k-24-foto01.jpg'),
	(177, 127, 'lampada-led-ar70-08wts-bivolt-2700k-24-foto01.jpg'),
	(178, 128, 'lampada-led-dicroica-07wts-bivolt-2700k-24-foto01.jpg'),
	(179, 129, 'lampada-led-dicroica-4-8wts-bivolt-6500k-24-foto01.jpg'),
	(180, 130, 'lampada-led-dicroica-07wts-127v-2700k-24-dimerizavel-foto01.jpg'),
	(181, 131, 'lampada-led-par20-07wts-bivolt-2700k-24-ip54-foto01.jpg'),
	(182, 132, 'lampada-led-par20-07wts-bivolt-5700k-24-ip54-foto01.jpg'),
	(183, 133, 'lampada-led-par20-08wts-127v-2700k-24-dimerizavel-ip54-foto01.jpg'),
	(184, 134, 'lampada-led-par30-10wts-bivolt-2700k-24-ip54-foto01.png'),
	(185, 135, 'lampada-led-par30-10wts-bivolt-5700k-24-ip54-foto01.png'),
	(186, 136, 'lampada-led-bulbo-9-5wts-bivolt-2700k-220-foto01.jpg'),
	(187, 137, 'lampada-led-bulbo-9-5wts-bivolt-6500k-220-foto01.jpg'),
	(188, 138, 'lampada-led-vela-5wts-bivolt-2700k-e-14-140-foto01.jpg'),
	(191, 141, 'arandela-box-efeito-facho-duplo-fechado-foto01.jpg'),
	(194, 143, 'arandela-box-efeito-facho-duplo-aberto-e-fechado-foto01.jpg'),
	(195, 144, 'arandela-efeito-facho-duplo-aberto-e-aberto-foto01.jpg'),
	(196, 145, 'arandela-cubo-facho-duplo-aberto-e-aberto-foto01.jpg'),
	(199, 148, 'plafon-sobrepor-quadrado-luz-indireta-55x55x06cm-foto01.png'),
	(200, 148, 'plafon-sobrepor-quadrado-luz-indireta-55x55x06cm-foto02.jpg'),
	(201, 149, 'plafon-sobrepor-quadrado-luz-indireta-45x45x06cm-foto01.png'),
	(202, 149, 'plafon-sobrepor-quadrado-luz-indireta-45x45x06cm-foto02.jpg'),
	(214, 140, 'arandela-box-efeito-facho-duplo-aberto-foto01.jpg'),
	(215, 140, 'arandela-box-efeito-facho-duplo-aberto-foto02.jpg'),
	(216, 139, 'arandela-box-efeito-facho-duplo-aberto-foto01.jpg'),
	(217, 142, 'arandela-box-efeito-facho-unico-aberto-foto01.jpg'),
	(218, 146, 'arandela-cubo-facho-unico-aberto-foto01.jpg'),
	(220, 150, 'plafon-de-cristais-translucidos-e-champanhe-foto02.png'),
	(221, 95, 'balizador-de-parede-quadrado-com-led-3911ww-foto04.jpg'),
	(222, 95, 'balizador-de-parede-quadrado-com-led-3911ww-foto05.jpg'),
	(223, 151, 'ventilador-de-teto-caribbean-breeze-bronze-antigo-5-pas-com-iluminacao-acionamento-por-corrente-127v-foto01.png'),
	(224, 152, 'ventilador-de-teto-caribbean-branco-texturizado-foto01.png'),
	(225, 153, 'ventilador-de-teto-caribbean-breeze-bronze-antigo-220v-foto01.png'),
	(226, 154, 'ventilador-de-teto-caribbean-branco-texturizado-220v-foto01.png'),
	(227, 155, 'embutido-de-solo-8w-bivolt-foto01.png'),
	(231, 86, 'spot-de-embutir-quadrado-plano-dicroica-il0074-foto04.jpg'),
	(232, 86, 'spot-de-embutir-quadrado-plano-dicroica-il0074-foto05.jpg'),
	(233, 86, 'spot-de-embutir-quadrado-plano-dicroica-il0074-foto06.jpg'),
	(234, 90, 'spot-de-embutir-quadrado-plano-ar111-il0157-foto07.jpg'),
	(235, 90, 'spot-de-embutir-quadrado-plano-ar111-il0157-foto08.jpg'),
	(236, 90, 'spot-de-embutir-quadrado-plano-ar111-il0157-foto09.jpg'),
	(237, 156, 'espeto-de-led-7w-bivolt-foto02.png'),
	(238, 124, 'arandela-de-led-21x11x6cm-3000k-8wts-foto01.jpg'),
	(240, 125, 'arandela-de-led-21x11x6cm-5700k-8wts-foto01.jpg'),
	(241, 158, 'pendente-aluminio-preto-fosco-com-dourado-interno-19x40cm-foto01.jpg'),
	(243, 158, 'pendente-aluminio-preto-fosco-com-dourado-interno-19x40cm-foto03.jpg'),
	(244, 158, 'pendente-aluminio-preto-fosco-com-dourado-interno-19x40cm-foto04.jpg'),
	(246, 159, 'pendente-aluminio-preto-fosco-com-dourado-interno-35x18cm-foto02.jpg'),
	(247, 159, 'pendente-aluminio-preto-fosco-com-dourado-interno-35x18cm-foto03.jpg'),
	(248, 159, 'pendente-aluminio-preto-fosco-com-dourado-interno-35x18cm-foto04.jpg'),
	(250, 160, 'pendente-aluminio-preto-fosco-com-dourado-interno-25x32cm-foto02.jpg'),
	(252, 160, 'pendente-aluminio-preto-fosco-com-dourado-interno-25x32cm-foto03.jpg'),
	(253, 160, 'pendente-aluminio-preto-fosco-com-dourado-interno-25x33cm-foto04.jpg'),
	(254, 157, 'spot-de-embutir-para-moveis-prata-foto01.jpg'),
	(255, 147, 'arandela-retangular-com-frisos-13x18x10cm-foto01.jpg'),
	(256, 147, 'arandela-retangular-com-frisos-13x18x10cm-foto02.jpg'),
	(257, 147, 'arandela-retangular-com-frisos-13x18x10cm-foto03.jpg'),
	(258, 25, 'arandela-triangular-aluminio-30x20x09cm-tabaco-foto01.jpg'),
	(259, 25, 'arandela-triangular-aluminio-30x20x09cm-tabaco-foto02.jpg'),
	(260, 26, 'arandela-triangular-aluminio-22x20x09cm-tabaco-foto01.jpg'),
	(261, 26, 'arandela-triangular-aluminio-22x20x09cm-tabaco-foto02.jpg'),
	(262, 161, 'pendente-aramado-cobre-28cm-foto01.jpg'),
	(263, 162, 'spot-de-embutir-recuado-ii-04-ar111-foto01.jpg'),
	(264, 162, 'spot-de-embutir-recuado-ii-04-ar111-foto02.jpg'),
	(265, 162, 'spot-de-embutir-recuado-ii-04-ar111-foto03.jpg'),
	(272, 165, 'arandela-quasar-ballet-led-5-watts-br-foto05.jpg'),
	(273, 165, 'arandela-quasar-ballet-led-5-watts-br-foto06.jpg'),
	(274, 165, 'arandela-quasar-ballet-led-5-watts-br-foto07.jpg'),
	(275, 166, 'arandela-quasar-ballet-led-5-watts-pt-foto01.jpg'),
	(276, 166, 'arandela-quasar-ballet-led-5-watts-pt-foto02.jpg'),
	(277, 166, 'arandela-quasar-ballet-led-5-watts-pt-foto03.jpg'),
	(278, 166, 'arandela-quasar-ballet-led-5-watts-pt-foto04.jpg'),
	(279, 166, 'arandela-quasar-ballet-led-5-watts-pt-foto05.jpg'),
	(280, 166, 'arandela-quasar-ballet-led-5-watts-pt-foto06.jpg'),
	(281, 165, 'arandela-quasar-ballet-led-5-watts-br-foto08.jpg'),
	(282, 165, 'arandela-quasar-ballet-led-5-watts-br-foto09.jpg'),
	(283, 165, 'arandela-quasar-ballet-led-5-watts-br-foto10.jpg'),
	(284, 165, 'arandela-quasar-ballet-led-5-watts-br-foto11.jpg'),
	(285, 163, 'conexao-sistema-conecta-lampada-par20-dicroica-ar70-foto01.jpg'),
	(286, 164, 'conexao-sistema-conecta-lampada-par30-ar111-foto01.jpg');
/*!40000 ALTER TABLE `products_images` ENABLE KEYS */;

-- Copiando estrutura para tabela ecommerce.products_options
CREATE TABLE IF NOT EXISTS `products_options` (
  `id` int(11) unsigned NOT NULL AUTO_INCREMENT,
  `id_product` int(11) NOT NULL,
  `id_option` int(11) NOT NULL,
  `p_value` mediumtext NOT NULL,
  PRIMARY KEY (`id`)
) ENGINE=InnoDB AUTO_INCREMENT=1699 DEFAULT CHARSET=utf8;

-- Copiando dados para a tabela ecommerce.products_options: ~1.698 rows (aproximadamente)
/*!40000 ALTER TABLE `products_options` DISABLE KEYS */;
INSERT INTO `products_options` (`id`, `id_product`, `id_option`, `p_value`) VALUES
	(1, 1, 1, 'Plafon de Sobrepor'),
	(2, 1, 2, '65 x 20 x 8cm'),
	(3, 1, 3, '06 (seis)'),
	(4, 1, 4, 'E-27 (bocal de rosca)'),
	(5, 1, 5, 'Econômica ou Led'),
	(6, 1, 6, 'N/T'),
	(7, 1, 7, '01 (um) ano contra defeito de fabricação'),
	(8, 1, 18, 'Branco Leitoso'),
	(9, 1, 19, 'Corpo em Acrílico e Base em Aluminio'),
	(10, 2, 1, 'Plafon de Sobrepor'),
	(11, 2, 2, '15 x 15 x 8cm'),
	(12, 2, 3, '01 (uma)'),
	(13, 2, 4, 'E-27 (bocal de rosca)'),
	(14, 2, 5, 'Econômica ou Bulbo Led'),
	(15, 2, 6, 'N/T'),
	(16, 2, 7, '01 (um) ano contra defeito de fabricação'),
	(17, 2, 18, 'Branco Leitoso'),
	(18, 2, 19, 'Corpo em Acrílico e Base em Aluminio'),
	(19, 3, 1, 'Plafon de Sobrepor'),
	(20, 3, 2, '20 x 20 x 8cm'),
	(21, 3, 3, '02 (duas)'),
	(22, 3, 4, 'E-27 (bocal de rosca)'),
	(23, 3, 5, 'Econômica ou Bulbo Led'),
	(24, 3, 6, 'N/T'),
	(25, 3, 7, '01 (um) ano contra defeito de fabricação'),
	(26, 3, 18, 'Branco Leitoso'),
	(27, 3, 19, 'Corpo em Acrílico e Base em Aluminio'),
	(28, 4, 1, 'Plafon de Sobrepor'),
	(29, 4, 2, '38 x 38 x 8cm'),
	(30, 4, 3, '04 (quatro)'),
	(31, 4, 4, 'E-27 (bocal de rosca)'),
	(32, 4, 5, 'Econômica ou Bulbo Led'),
	(33, 4, 6, 'N/T'),
	(34, 4, 7, '01 (um) ano contra defeito de fabricação'),
	(35, 4, 19, 'Corpo em Acrílico e Base em Aluminio'),
	(36, 5, 1, 'Plafon de Sobrepor'),
	(37, 5, 2, '48 x 48 x 8cm'),
	(38, 5, 3, '06 (seis)'),
	(39, 5, 4, 'E-27 (bocal de rosca)'),
	(40, 5, 5, 'Econômica ou Bulbo Led'),
	(41, 5, 6, 'N/T'),
	(42, 5, 7, '01 (um) ano contra defeito de fabricação'),
	(43, 5, 18, 'Branco Leitoso'),
	(44, 5, 19, 'Corpo em Acrílico e Base em Aluminio'),
	(45, 6, 1, 'Plafon de Sobrepor'),
	(46, 6, 2, '38 x 38 x 4,5cm'),
	(47, 6, 3, 'Não possui'),
	(48, 6, 4, 'Não possui'),
	(49, 6, 5, 'Não possui (circuito de Led Integrado)'),
	(50, 6, 6, '127v'),
	(51, 6, 7, '02 (dois) anos contra defeito de fabricação'),
	(52, 6, 8, 'Branco Quente 3000K'),
	(53, 6, 9, '3500lm'),
	(54, 6, 10, '55W'),
	(55, 6, 18, 'Branco'),
	(56, 6, 19, 'Corpo em Acrílico, base em alumínio e Cristais.'),
	(57, 7, 1, 'Plafon de Sobrepor'),
	(58, 7, 2, '38 x 38 x 4,5cm'),
	(59, 7, 3, 'Não possui'),
	(60, 7, 4, 'Não possui'),
	(61, 7, 5, 'Não possui (circuito de Led Integrado)'),
	(62, 7, 6, '127v'),
	(63, 7, 7, '02 (dois) anos contra defeito de fabricação'),
	(64, 7, 8, 'Branco Quente 3000K'),
	(65, 7, 9, '3500lm'),
	(66, 7, 10, '55W'),
	(67, 7, 18, 'Branco'),
	(68, 7, 19, 'Corpo em Acrílico, base em alumínio e Espelo.'),
	(69, 8, 1, 'Plafon de Sobrepor'),
	(70, 8, 2, '54 x 54 x 4,5cm'),
	(71, 8, 3, 'Não possui'),
	(72, 8, 4, 'Não possui'),
	(73, 8, 5, 'Não possui (circuito de Led Integrado)'),
	(74, 8, 6, '127v'),
	(75, 8, 7, '02 (dois) anos contra defeito de fabricação'),
	(76, 8, 8, 'Branco Quente 3000K'),
	(77, 8, 9, '7600lm'),
	(78, 8, 10, '92W'),
	(79, 8, 18, 'Branco'),
	(80, 8, 19, 'Corpo em Acrílico, base em alumínio e Espelho.'),
	(81, 9, 1, 'Pendente'),
	(82, 9, 2, 'Ø 53 - 33cm alt - cabo 200cm'),
	(83, 9, 3, '03 (três)'),
	(84, 9, 4, 'E-27 (bocal de rosca)'),
	(85, 9, 5, 'Econômica ou Bulbo Led até 20W'),
	(86, 9, 7, '01 (um) ano contra defeito de fabricação'),
	(87, 9, 18, 'Branco'),
	(88, 9, 19, 'Acrilico e Madeira'),
	(89, 10, 1, 'Pendente'),
	(90, 10, 2, 'Ø 55 - 33cm alt - cabo 200cm'),
	(91, 10, 3, '03 (três)'),
	(92, 10, 4, 'E-27 (bocal de rosca)'),
	(93, 10, 5, 'Econômica ou Bulbo Led até 20W'),
	(94, 10, 7, '01 (um) ano contra defeito de fabricação'),
	(95, 10, 18, 'Branco'),
	(96, 10, 19, 'Acrilico'),
	(97, 11, 1, 'Pendente'),
	(98, 11, 2, 'Ø 55 - 33cm alt - cabo 200cm'),
	(99, 11, 3, '03 (três)'),
	(100, 11, 4, 'E-27 (bocal de rosca)'),
	(101, 11, 5, 'Econômica ou Bulbo Led até 20W'),
	(102, 11, 7, '01 (um) ano contra defeito de fabricação'),
	(103, 11, 18, 'Preto'),
	(104, 11, 19, 'Acrilico'),
	(105, 12, 1, 'Spot de Embutir'),
	(106, 12, 2, '14,5 x 14,5 x 8cm'),
	(107, 12, 3, '01 (uma)'),
	(108, 12, 4, 'E-27 (bocal de rosca)'),
	(109, 12, 5, 'Econômica, Bulbo de Led ou Par20'),
	(110, 12, 7, '01 (um) ano contra defeito de fabricação'),
	(111, 12, 11, 'Por presilha de pressão'),
	(112, 12, 18, 'Branco'),
	(113, 12, 19, 'Metal e Acrilico'),
	(114, 13, 1, 'Plafon de Sobrepor'),
	(115, 13, 2, '20 x 20 x 8cm'),
	(116, 13, 3, '02 (duas)'),
	(117, 13, 4, 'E-27 (bocal de rosca)'),
	(118, 13, 5, 'Econômica ou Bulbo Led'),
	(119, 13, 7, '01 (um) ano contra defeito de fabricação'),
	(120, 13, 18, 'Branco Leitoso'),
	(121, 13, 19, 'Corpo em Acrílico e Base em Aluminio'),
	(122, 14, 1, 'Plafon de Sobrepor'),
	(123, 14, 2, '34 x 34 x 8cm'),
	(124, 14, 3, '04 (quatro)'),
	(125, 14, 4, 'E-27 (bocal de rosca)'),
	(126, 14, 5, 'Econômica ou Bulbo Led'),
	(127, 14, 6, 'N/T'),
	(128, 14, 7, '01 (um) ano contra defeito de fabricação'),
	(129, 14, 18, 'Branco Leitoso'),
	(130, 14, 19, 'Corpo em Acrílico e Base em Aluminio'),
	(131, 15, 1, 'Arandela Retangular'),
	(132, 15, 2, '15 x 30 x 8cm'),
	(133, 15, 3, '02 (duas)'),
	(134, 15, 4, 'E-27 (bocal de rosca)'),
	(135, 15, 5, 'Econômica ou Bulbo Led'),
	(136, 15, 6, 'N/T'),
	(137, 15, 7, '01 (um) ano contra defeito de fabricação'),
	(138, 15, 18, 'Branco Leitoso'),
	(139, 15, 19, 'Corpo em Acrílico e Base em Aluminio'),
	(140, 16, 1, 'Plafon de Sobrepor'),
	(141, 16, 2, '20 x 20 x 8cm'),
	(142, 16, 3, '02 (duas)'),
	(143, 16, 4, 'E-27 (bocal de rosca)'),
	(144, 16, 5, 'Econômica ou Bulbo Led'),
	(145, 16, 6, 'N/T'),
	(146, 16, 7, '01 (um) ano contra defeito de fabricação'),
	(147, 16, 18, 'Branco Leitoso'),
	(148, 16, 19, 'Corpo em Acrílico e Base em Aluminio'),
	(149, 17, 1, 'Plafon de Sobrepor'),
	(150, 17, 2, '17 x 17 x 8cm'),
	(151, 17, 3, '01 (uma)'),
	(152, 17, 4, 'E-27 (bocal de rosca)'),
	(153, 17, 5, 'Econômica ou Bulbo Led'),
	(154, 17, 6, 'N/T'),
	(155, 17, 7, '01 (um) ano contra defeito de fabricação'),
	(156, 17, 18, 'Branco Leitoso'),
	(157, 17, 19, 'Aço e Acrilico'),
	(158, 18, 1, 'Plafon de Sobrepor'),
	(159, 18, 2, '23 x 23 x 8cm'),
	(160, 18, 3, '02 (duas)'),
	(161, 18, 4, 'E-27 (bocal de rosca)'),
	(162, 18, 5, 'Econômica ou Bulbo Led'),
	(163, 18, 6, 'N/T'),
	(164, 18, 7, '01 (um) ano contra defeito de fabricação'),
	(165, 18, 18, 'Branco'),
	(166, 18, 19, 'Aço e Acrilico'),
	(167, 19, 1, 'Plafon de Sobrepor'),
	(168, 19, 2, '30 x 30 x 8cm'),
	(169, 19, 3, '03 (três)'),
	(170, 19, 4, 'E-27 (bocal de rosca)'),
	(171, 19, 5, 'Econômica ou Bulbo Led'),
	(172, 19, 6, 'N/T'),
	(173, 19, 7, '01 (um) ano contra defeito de fabricação'),
	(174, 19, 18, 'Branco'),
	(175, 19, 19, 'Aço e Acrilico'),
	(176, 20, 1, 'Plafon de Sobrepor'),
	(177, 20, 2, '40 x 40 x 8cm'),
	(178, 20, 3, '04 (quatro)'),
	(179, 20, 4, 'E-27 (bocal de rosca)'),
	(180, 20, 5, 'Econômica ou Bulbo Led'),
	(181, 20, 6, 'N/T'),
	(182, 20, 7, '01 (um) ano contra defeito de fabricação'),
	(183, 20, 18, 'Branco'),
	(184, 20, 19, 'Aço e Acrilico'),
	(185, 21, 1, 'Arandela Retangular'),
	(186, 21, 2, '20 x 23 x 9cm'),
	(187, 21, 3, '01 (uma)'),
	(188, 21, 4, 'E-27 (bocal de rosca)'),
	(189, 21, 5, 'Econômica ou Bulbo Led'),
	(190, 21, 6, 'N/T'),
	(191, 21, 7, '01 (um) ano contra defeito de fabricação'),
	(192, 21, 19, 'Alumínio e Vidro'),
	(193, 22, 1, 'Arandela Retangular'),
	(194, 22, 2, '20 x 13 x 9cm'),
	(195, 22, 3, '01 (uma)'),
	(196, 22, 4, 'E-27 (bocal de rosca)'),
	(197, 22, 5, 'Econômica ou Bulbo Led'),
	(198, 22, 6, 'N/T'),
	(199, 22, 7, '01 (um) ano contra defeito de fabricação'),
	(200, 22, 18, 'Marrom'),
	(201, 22, 19, 'Alumínio e Vidro'),
	(202, 23, 1, 'Arandela Triangular'),
	(203, 23, 2, '30 x 20 x 9cm'),
	(204, 23, 3, '02 (duas)'),
	(205, 23, 4, 'E-27 (bocal de rosca)'),
	(206, 23, 5, 'Econômica ou Bulbo Led'),
	(207, 23, 6, 'N/T'),
	(208, 23, 7, '01 (um) ano contra defeito de fabricação'),
	(209, 23, 18, 'Branco'),
	(210, 23, 19, 'Aço e Vidro'),
	(211, 24, 1, 'Arandela Triangular'),
	(212, 24, 2, '22 x 20 x 9cm'),
	(213, 24, 3, '01 (uma)'),
	(214, 24, 4, 'E-27 (bocal de rosca)'),
	(215, 24, 5, 'Econômica ou Bulbo Led'),
	(216, 24, 6, 'N/T'),
	(217, 24, 7, '01 (um) ano contra defeito de fabricação'),
	(218, 24, 18, 'Branco'),
	(219, 24, 19, 'Alumínio e Vidro'),
	(220, 25, 1, 'Arandela Triangular'),
	(221, 25, 2, '30 x 20 x 9cm'),
	(222, 25, 3, '02 (duas)'),
	(223, 25, 4, 'E-27 (bocal de rosca)'),
	(224, 25, 5, 'Econômica ou Bulbo Led'),
	(225, 25, 6, 'N/T'),
	(226, 25, 7, '01 (um) ano contra defeito de fabricação'),
	(227, 25, 18, 'Tabaco'),
	(228, 25, 19, 'Alumínio e Vidro'),
	(229, 26, 1, 'Arandela Triangular'),
	(230, 26, 2, '22 x 20 x 9cm'),
	(231, 26, 3, '01 (uma)'),
	(232, 26, 4, 'E-27 (bocal de rosca)'),
	(233, 26, 5, 'Econômica ou Bulbo Led'),
	(234, 26, 6, 'N/T'),
	(235, 26, 7, '01 (um) ano contra defeito de fabricação'),
	(236, 26, 18, 'Tabaco'),
	(237, 26, 19, 'Alumínio e Vidro'),
	(238, 27, 1, 'Arandela Retangular'),
	(239, 27, 2, '23 x 12 x 7cm'),
	(240, 27, 3, '01 (uma)'),
	(241, 27, 4, 'E-27 (bocal de rosca)'),
	(242, 27, 5, 'Econômica ou Bulbo Led'),
	(243, 27, 6, 'N/T'),
	(244, 27, 7, '01 (um) ano contra defeito de fabricação'),
	(245, 27, 18, 'Branco'),
	(246, 27, 19, 'Alumínio e Vidro'),
	(247, 28, 1, 'Luminária de Embutir'),
	(248, 28, 2, '16 x 16 x 9cm'),
	(249, 28, 3, '01 (uma)'),
	(250, 28, 4, 'E-27 (bocal de rosca)'),
	(251, 28, 5, 'Econômica ou Bulbo Led'),
	(252, 28, 6, 'De acordo com a Lampada'),
	(253, 28, 7, '01 (um) ano contra defeito de fabricação'),
	(254, 28, 9, 'De acordo com a lampada'),
	(255, 28, 10, 'De acordo com a lampada'),
	(256, 28, 11, 'Presilhas de pressão (borboleta)'),
	(257, 28, 12, 'Não Possui'),
	(258, 28, 18, 'Preto'),
	(259, 28, 19, 'Alumínio e Vidro'),
	(260, 29, 1, 'Luminária de Embutir'),
	(261, 29, 2, '23,5 x 23,5 x 9cm'),
	(262, 29, 3, '02 (duas)'),
	(263, 29, 4, 'E-27 (bocal de rosca)'),
	(264, 29, 5, 'Econômica ou Bulbo Led'),
	(265, 29, 6, 'N/T'),
	(266, 29, 7, '01 (um) ano contra defeito de fabricação'),
	(267, 29, 9, 'De acordo com a lampada'),
	(268, 29, 10, 'De acordo com a lampada'),
	(269, 29, 11, 'Presilhas de pressão (borboleta)'),
	(270, 29, 12, 'Não Possui'),
	(271, 29, 18, 'Branco'),
	(272, 29, 19, 'Alumínio e Vidro'),
	(273, 30, 1, 'Arandela em Forma de Concha'),
	(274, 30, 2, '12 x 16,5 x 10cm'),
	(275, 30, 3, '01 (uma)'),
	(276, 30, 4, 'R7 Halogena ou Led'),
	(277, 30, 5, 'R7 Halogena Palito ou Led'),
	(278, 30, 6, 'N/T'),
	(279, 30, 7, '01 (um) ano contra defeito de fabricação'),
	(280, 30, 18, 'Branco'),
	(281, 30, 19, 'Aço e Vidro'),
	(282, 31, 1, 'Arandela Sextavada'),
	(283, 31, 2, '35 x 25 x 26cm'),
	(284, 31, 3, '01 (uma)'),
	(285, 31, 4, 'E-27 (bocal de rosca)'),
	(286, 31, 5, 'Econômica ou Bulbo Led'),
	(287, 31, 6, 'N/T'),
	(288, 31, 7, '01 (um) ano contra defeito de fabricação'),
	(289, 31, 18, 'Preto'),
	(290, 31, 19, 'Aço e Vidro'),
	(291, 32, 1, 'Arandela Modelo Lunar'),
	(292, 32, 2, '37 x 27 x 36cm'),
	(293, 32, 3, '01 (uma)'),
	(294, 32, 4, 'E-27 (bocal de rosca)'),
	(295, 32, 5, 'Econômica ou Bulbo Led'),
	(296, 32, 6, 'N/T'),
	(297, 32, 7, '01 (um) ano contra defeito de fabricação'),
	(298, 32, 18, 'Branco'),
	(299, 32, 19, 'Aço e Vidro'),
	(300, 33, 1, 'Pendente'),
	(301, 33, 2, '31 x 20 x 20cm'),
	(302, 33, 3, '01 (uma)'),
	(303, 33, 4, 'E-27 (bocal de rosca)'),
	(304, 33, 5, 'Econômica ou Bulbo Led'),
	(305, 33, 6, 'N/T'),
	(306, 33, 7, '01 (um) ano contra defeito de fabricação'),
	(307, 33, 18, 'Preto'),
	(308, 33, 19, 'Aço e Vidro'),
	(309, 34, 1, 'Arandela Triangular'),
	(310, 34, 2, '25 x 23 x 12cm'),
	(311, 34, 3, '01 (uma)'),
	(312, 34, 4, 'E-27 (bocal de rosca)'),
	(313, 34, 5, 'Econômica ou Bulbo Led'),
	(314, 34, 6, 'N/T'),
	(315, 34, 7, '01 (um) ano contra defeito de fabricação'),
	(316, 34, 18, 'Branco'),
	(317, 34, 19, 'Aço e Vidro'),
	(318, 35, 1, 'Arandela Triangular'),
	(319, 35, 2, '30 x 19 x 10cm'),
	(320, 35, 3, '01 (uma)'),
	(321, 35, 4, 'E-27 (bocal de rosca)'),
	(322, 35, 5, 'Econômica ou Bulbo Led'),
	(323, 35, 6, 'N/T'),
	(324, 35, 7, '01 (um) ano contra defeito de fabricação'),
	(325, 35, 18, 'Preto'),
	(326, 35, 19, 'Alumínio e Vidro'),
	(327, 36, 1, 'Plafon de Sobrepor'),
	(328, 36, 2, '40 x 40 x 13cm'),
	(329, 36, 3, '5 (cinco)'),
	(330, 36, 4, 'G9 (bipino)'),
	(331, 36, 5, 'Incandescente ou Led G9'),
	(332, 36, 6, 'N/T'),
	(333, 36, 7, '01 (um) ano contra defeito de fabricação'),
	(334, 36, 18, 'Cristal Transparente'),
	(335, 36, 19, 'Metal e Cristal'),
	(336, 37, 1, 'Spot de Embutir'),
	(337, 37, 2, '8,5 x 8,5 x 6cm'),
	(338, 37, 3, '01 (uma)'),
	(339, 37, 4, 'GU-10 (padrão atual dicróica)'),
	(340, 37, 5, 'Dicróica'),
	(341, 37, 6, 'N/T'),
	(342, 37, 7, '01 (um) ano contra defeito de fabricação'),
	(343, 37, 11, 'Presilha de Pressão'),
	(344, 37, 18, 'Cromado'),
	(345, 37, 19, 'Metal e Vidro'),
	(346, 38, 1, 'Luminária de Embutir'),
	(347, 38, 2, '5,5 x 5,5 x 5,5cm'),
	(348, 38, 3, '01 (uma)'),
	(349, 38, 4, 'G-4'),
	(350, 38, 5, 'G-4 Halogena ou Led'),
	(351, 38, 6, '12 volts'),
	(352, 38, 7, '02 (dois) anos contra defeito de fabricação'),
	(353, 38, 10, '20W'),
	(354, 38, 11, 'Presilhas de pressão (borboleta)'),
	(355, 38, 12, 'Transformador de 127/220v'),
	(356, 38, 18, 'Cromado/Cristal'),
	(357, 38, 19, 'Alumínio e Cristal'),
	(358, 39, 1, 'Lustre Pendente'),
	(359, 39, 2, '68 x 68 x 56cm'),
	(360, 39, 3, '8 (oito)'),
	(361, 39, 4, 'E-14 (bocal de rosca mais fino)'),
	(362, 39, 5, 'Incandescente ou Led E-14'),
	(363, 39, 6, 'N/T'),
	(364, 39, 7, '01 (um) ano contra defeito de fabricação'),
	(365, 39, 13, '100cm'),
	(366, 39, 18, 'Cristal Transparente'),
	(367, 39, 19, 'Metal e Cristal'),
	(368, 40, 1, 'Lustre Pendente'),
	(369, 40, 2, '73 x 73 x 61cm'),
	(370, 40, 3, '12 (doze)'),
	(371, 40, 4, 'E-14 (bocal de rosca mais fino)'),
	(372, 40, 5, 'Incandescente ou Led E-14'),
	(373, 40, 6, 'N/T'),
	(374, 40, 7, '01 (um) ano contra defeito de fabricação'),
	(375, 40, 13, '100cm'),
	(376, 40, 18, 'Cristal Transparente'),
	(377, 40, 19, 'Metal e Cristal'),
	(378, 41, 1, 'Arandela Triangular'),
	(379, 41, 2, '24 x 20 x 9cm'),
	(380, 41, 3, '01 (uma)'),
	(381, 41, 4, 'E-27 (bocal de rosca)'),
	(382, 41, 5, 'Econômica ou Bulbo Led'),
	(383, 41, 6, 'N/T'),
	(384, 41, 7, '01 (um) ano contra defeito de fabricação'),
	(385, 41, 18, 'Branco'),
	(386, 41, 19, 'Alumínio e Vidro'),
	(387, 42, 1, 'Arandela Gala'),
	(388, 42, 2, '27 x 10 x 11cm'),
	(389, 42, 3, '01 (uma)'),
	(390, 42, 4, 'E-27 (bocal de rosca)'),
	(391, 42, 5, 'Econômica ou Bulbo Led'),
	(392, 42, 6, 'N/T'),
	(393, 42, 7, '01 (um) ano contra defeito de fabricação'),
	(394, 42, 18, 'Cromado'),
	(395, 42, 19, 'Alumínio e Vidro'),
	(396, 43, 1, 'Pendente Gala'),
	(397, 43, 2, '25 x 09 x 15/15cm (comp x diametro x base fixação teto) cabo 120cm.'),
	(398, 43, 3, '01 (uma)'),
	(399, 43, 4, 'E-27 (bocal de rosca)'),
	(400, 43, 5, 'Incandescente, Econômica ou Bulbo Led'),
	(401, 43, 6, 'N/T'),
	(402, 43, 7, '01 (um) ano contra defeito de fabricação'),
	(403, 43, 18, 'Titânio'),
	(404, 43, 19, 'Alumínio e Vidro'),
	(405, 44, 1, 'Arandela Hera'),
	(406, 44, 2, '26 x 15 x 11cm'),
	(407, 44, 3, '01 (uma)'),
	(408, 44, 4, 'E-27 (bocal de rosca)'),
	(409, 44, 5, 'Incandescente, Econômica ou Bulbo Led'),
	(410, 44, 6, 'N/T'),
	(411, 44, 7, '01 (um) ano contra defeito de fabricação'),
	(412, 44, 18, 'Branco'),
	(413, 44, 19, 'Alumínio e Vidro'),
	(414, 45, 1, 'Arandela Hera'),
	(415, 45, 2, '40 x 14 x 12cm'),
	(416, 45, 3, '01 (uma)'),
	(417, 45, 4, 'E-27 (bocal de rosca)'),
	(418, 45, 5, 'Incandescente, Econômica ou Bulbo Led'),
	(419, 45, 6, 'N/T'),
	(420, 45, 7, '01 (um) ano contra defeito de fabricação'),
	(421, 45, 18, 'Branco'),
	(422, 45, 19, 'Alumínio e Vidro'),
	(423, 46, 1, 'Arandela Hera'),
	(424, 46, 2, '60 x 14 x 12cm'),
	(425, 46, 3, '02 (duas)'),
	(426, 46, 4, 'E-27 (bocal de rosca)'),
	(427, 46, 5, 'Incandescente, Econômica ou Bulbo Led'),
	(428, 46, 6, 'N/T'),
	(429, 46, 7, '01 (um) ano contra defeito de fabricação'),
	(430, 46, 18, 'Branco'),
	(431, 46, 19, 'Alumínio e Vidro'),
	(432, 47, 1, 'Plafon de Sobrepor'),
	(433, 48, 1, 'Plafon de Sobrepor'),
	(434, 48, 2, '40 x 40 x 8cm'),
	(435, 48, 3, '03 (três)'),
	(436, 48, 4, 'E-27 (bocal de rosca)'),
	(437, 48, 5, 'Econômica ou Bulbo Led'),
	(438, 48, 6, 'N/T'),
	(439, 48, 7, '01 (um) ano contra defeito de fabricação'),
	(440, 48, 18, 'Branco'),
	(441, 48, 19, 'Aço e Vidro'),
	(442, 49, 1, 'Plafon de Sobrepor'),
	(443, 49, 2, '16 x 16 x 7cm'),
	(444, 49, 3, '01 (uma)'),
	(445, 49, 4, 'E-27 (bocal de rosca)'),
	(446, 49, 5, 'Econômica ou Bulbo Led'),
	(447, 49, 6, 'N/T'),
	(448, 49, 7, '01 (um) ano contra defeito de fabricação'),
	(449, 49, 18, 'Café'),
	(450, 49, 19, 'Aço e Vidro'),
	(451, 50, 1, 'Plafon de Sobrepor'),
	(452, 50, 2, '20 x 20 x 7cm'),
	(453, 50, 3, '01 (uma)'),
	(454, 50, 4, 'E-27 (bocal de rosca)'),
	(455, 50, 5, 'Econômica ou Bulbo Led'),
	(456, 50, 6, 'N/T'),
	(457, 50, 7, '01 (um) ano contra defeito de fabricação'),
	(458, 50, 18, 'Branco'),
	(459, 50, 19, 'Aço e Vidro'),
	(460, 51, 1, 'Plafon de Sobrepor'),
	(461, 51, 2, '20 x 20 x 7cm'),
	(462, 51, 3, '01 (uma)'),
	(463, 51, 4, 'E-27 (bocal de rosca)'),
	(464, 51, 5, 'Econômica ou Bulbo Led'),
	(465, 51, 6, 'N/T'),
	(466, 51, 7, '01 (um) ano contra defeito de fabricação'),
	(467, 51, 18, 'Branco'),
	(468, 51, 19, 'Aço e Vidro'),
	(469, 52, 1, 'Arandela Triangular'),
	(470, 52, 2, '23 x 18 x 10cm'),
	(471, 52, 3, '01 (uma)'),
	(472, 52, 4, 'E-27 (bocal de rosca)'),
	(473, 52, 5, 'Econômica ou Bulbo Led'),
	(474, 52, 6, 'N/T'),
	(475, 52, 7, '01 (um) ano contra defeito de fabricação'),
	(476, 52, 18, 'Branco'),
	(477, 52, 19, 'Alumínio e Vidro'),
	(478, 53, 1, 'Plafon de Sobrepor'),
	(479, 53, 2, '30 x 30 x 8cm'),
	(480, 53, 3, '03 (três)'),
	(481, 53, 4, 'E-27 (bocal de rosca)'),
	(482, 53, 5, 'Econômica ou Bulbo Led'),
	(483, 53, 6, 'N/T'),
	(484, 53, 7, '01 (um) ano contra defeito de fabricação'),
	(485, 53, 18, 'Branco'),
	(486, 53, 19, 'Aço e Vidro'),
	(487, 54, 1, 'Plafon de Sobrepor'),
	(488, 54, 2, '25 x 15 x 8cm'),
	(489, 54, 3, '02 (duas)'),
	(490, 54, 4, 'E-27 (bocal de rosca)'),
	(491, 54, 5, 'Econômica ou Bulbo Led'),
	(492, 54, 6, 'N/T'),
	(493, 54, 7, '01 (um) ano contra defeito de fabricação'),
	(494, 54, 18, 'Branco'),
	(495, 54, 19, 'Corpo em Acrílico e Base em Aluminio'),
	(496, 55, 1, 'Plafon de Sobrepor'),
	(497, 55, 2, '36 x 36 x 8cm'),
	(498, 55, 3, '03 (três)'),
	(499, 55, 4, 'E-27 (bocal de rosca)'),
	(500, 55, 5, 'Econômica ou Bulbo Led'),
	(501, 55, 6, 'N/T'),
	(502, 55, 7, '01 (um) ano contra defeito de fabricação'),
	(503, 55, 18, 'Branco'),
	(504, 55, 19, 'Corpo em Acrílico e Base em Aluminio'),
	(505, 56, 1, 'Pendente'),
	(506, 56, 2, 'Ø 14 x 12cm alt'),
	(507, 56, 3, '01 (uma)'),
	(508, 56, 4, 'E-27 (bocal de rosca)'),
	(509, 56, 5, 'Econômica ou Bulbo Led'),
	(510, 56, 6, 'N/T'),
	(511, 56, 7, '01 (um) ano contra defeito de fabricação'),
	(512, 56, 18, 'Preto Fosco'),
	(513, 56, 19, 'Aluminio'),
	(514, 57, 1, 'Plafon de Sobrepor'),
	(515, 57, 2, '11,6 x 11,6 x 11,6'),
	(516, 57, 3, '01 (uma)'),
	(517, 57, 4, 'E-27 (bocal de rosca)'),
	(518, 57, 5, 'Econômica ou Bulbo Led'),
	(519, 57, 6, 'N/T'),
	(520, 57, 7, '03 (três) meses contra defeito de fabricação'),
	(521, 57, 18, 'Branco Texturizado'),
	(522, 57, 19, 'Aluminio com Pintura Eletrostatica'),
	(523, 58, 1, 'Plafon de Embutir'),
	(524, 58, 2, '38 x 38 x 15cm'),
	(525, 58, 3, '04 (quatro)'),
	(526, 58, 4, 'E-27 (bocal de rosca)'),
	(527, 58, 5, 'Econômica ou Bulbo Led'),
	(528, 58, 6, 'N/T'),
	(529, 58, 7, '01 (um) ano contra defeito de fabricação'),
	(530, 58, 18, 'Branco Texturizado'),
	(531, 58, 19, 'Difusor em Acrílico e Base em Metal'),
	(532, 59, 1, 'Plafon de Embutir'),
	(533, 59, 2, '20 x 20 x 15cm'),
	(534, 59, 3, '02 (duas)'),
	(535, 59, 4, 'E-27 (bocal de rosca)'),
	(536, 59, 5, 'Econômica ou Bulbo Led'),
	(537, 59, 6, 'N/T'),
	(538, 59, 7, '01 (um) ano contra defeito de fabricação'),
	(539, 59, 18, 'Branco Texturizado'),
	(540, 59, 19, 'Difusor em Acrílico e Base em Metal'),
	(541, 60, 1, 'Plafon de Sobrepor'),
	(542, 60, 2, '25 x 25 x 11cm'),
	(543, 60, 3, '02 (duas)'),
	(544, 60, 4, 'E-27 (bocal de rosca)'),
	(545, 60, 5, 'Econômica ou Bulbo Led'),
	(546, 60, 6, 'N/T'),
	(547, 60, 7, '01 (um) ano contra defeito de fabricação'),
	(548, 60, 18, 'Branco'),
	(549, 60, 19, 'Corpo em Acrílico e Base em Aluminio'),
	(550, 61, 1, 'Plafon de Sobrepor'),
	(551, 61, 2, '25 x 15 x 11cm'),
	(552, 61, 3, '02 (duas)'),
	(553, 61, 4, 'E-27 (bocal de rosca)'),
	(554, 61, 5, 'Econômica ou Bulbo Led'),
	(555, 61, 6, 'N/T'),
	(556, 61, 7, '01 (um) ano contra defeito de fabricação'),
	(557, 61, 18, 'Acetinado'),
	(558, 61, 19, 'Vidro e Base em Alumínio'),
	(559, 62, 1, 'Plafon de Sobrepor'),
	(560, 62, 2, '37 x 37 x 11cm'),
	(561, 62, 3, '04 (quatro)'),
	(562, 62, 4, 'E-27 (bocal de rosca)'),
	(563, 62, 5, 'Econômica ou Bulbo Led'),
	(564, 62, 6, 'N/T'),
	(565, 62, 7, '01 (um) ano contra defeito de fabricação'),
	(566, 62, 18, 'Acetinado'),
	(567, 62, 19, 'Vidro e Base em Alumínio'),
	(568, 63, 1, 'Arandela Quadrada'),
	(569, 63, 2, '15 x 15 x 18cm'),
	(570, 63, 3, '01 (uma)'),
	(571, 63, 4, 'G9 (bipino)'),
	(572, 63, 5, 'Incandescente ou Led'),
	(573, 63, 6, 'N/T'),
	(574, 63, 7, '01 (um) ano contra defeito de fabricação'),
	(575, 63, 18, 'Cromado'),
	(576, 63, 19, 'Metal e Vidro'),
	(577, 64, 1, 'Plafon de Embutir'),
	(578, 64, 2, '27 x 27 x 10cm'),
	(579, 64, 3, '02 (duas)'),
	(580, 64, 4, 'E-27 (bocal de rosca)'),
	(581, 64, 5, 'Econômica ou Bulbo Led'),
	(582, 64, 6, 'N/T'),
	(583, 64, 7, '01 (um) ano contra defeito de fabricação'),
	(584, 64, 18, 'Branco'),
	(585, 64, 19, 'Difusor em Acrílico, Espelho e Base em Metal'),
	(586, 65, 1, 'Plafon de Embutir'),
	(587, 65, 2, '17 x 17 x 11cm'),
	(588, 65, 3, '01 (uma)'),
	(589, 65, 4, 'E-27 (bocal de rosca)'),
	(590, 65, 5, 'Econômica ou Bulbo Led'),
	(591, 65, 6, 'N/T'),
	(592, 65, 7, '01 (um) ano contra defeito de fabricação'),
	(593, 65, 18, 'Branco Leitoso'),
	(594, 65, 19, 'Difusor em Acrílico e Base em Metal'),
	(595, 66, 1, 'Plafon de Embutir'),
	(596, 66, 2, '27 x 27 x 11cm'),
	(597, 66, 3, '02 (duas)'),
	(598, 66, 4, 'E-27 (bocal de rosca)'),
	(599, 66, 5, 'Econômica ou Bulbo Led'),
	(600, 66, 6, 'N/T'),
	(601, 66, 7, '01 (um) ano contra defeito de fabricação'),
	(602, 66, 18, 'Branco Leitoso'),
	(603, 66, 19, 'Difusor em Acrílico e Base em Metal'),
	(604, 67, 1, 'Plafon de Sobrepor'),
	(605, 67, 2, '35 x 47 x 10cm'),
	(606, 67, 3, '04 (QUATRO)'),
	(607, 67, 4, 'E-27 (bocal de rosca)'),
	(608, 67, 5, 'Econômica ou Bulbo Led'),
	(609, 67, 6, 'N/T'),
	(610, 67, 7, '01 (um) ano contra defeito de fabricação'),
	(611, 67, 18, 'Escovado'),
	(612, 67, 19, 'Metal e Vidro'),
	(613, 68, 1, 'Plafon de Sobrepor'),
	(614, 68, 2, '37 x 80 x 10cm'),
	(615, 68, 3, '06 (SEIS)'),
	(616, 68, 4, 'E-27 (bocal de rosca)'),
	(617, 68, 5, 'Econômica ou Bulbo Led'),
	(618, 68, 6, 'N/T'),
	(619, 68, 7, '01 (um) ano contra defeito de fabricação'),
	(620, 68, 18, 'Escovado'),
	(621, 68, 19, 'Metal e Vidro'),
	(622, 69, 1, 'Plafon de Sobrepor'),
	(623, 69, 2, '46,5 x 46,5 x 11,5cm'),
	(624, 69, 3, '06 (seis)'),
	(625, 69, 4, 'E-27 (bocal de rosca)'),
	(626, 69, 5, 'Econômica ou Bulbo Led'),
	(627, 69, 6, 'N/T'),
	(628, 69, 7, '01 (um) ano contra defeito de fabricação'),
	(629, 69, 18, 'Branco'),
	(630, 69, 19, 'Difusor em Acrílico e Base em Alumínio'),
	(631, 70, 1, 'Spot de Embutir Orientável Recuado'),
	(632, 70, 2, '13 x 13 x 12cm'),
	(633, 70, 3, '01 (uma)'),
	(634, 70, 4, 'E-27 (bocal de rosca)'),
	(635, 70, 5, 'PAR20 Convencional ou Led'),
	(636, 70, 6, 'N/T'),
	(637, 70, 7, '01 (um) ano contra defeito de fabricação'),
	(638, 70, 11, 'Presilhas de pressão (borboleta)'),
	(639, 70, 18, 'Branco'),
	(640, 70, 19, 'Alumínio com pintura eletrostatica'),
	(641, 71, 1, 'Spot de Embutir Orientável Recuado'),
	(642, 71, 2, '13 x 13 x 4cm'),
	(643, 71, 3, '01 (uma)'),
	(644, 71, 4, 'GU-10 (padrão atual dicróica)'),
	(645, 71, 5, 'Dicróica'),
	(646, 71, 6, 'N/T'),
	(647, 71, 7, '01 (um) ano contra defeito de fabricação'),
	(648, 71, 11, 'Presilhas de pressão (borboleta)'),
	(649, 71, 18, 'Branco'),
	(650, 71, 19, 'Alumínio com Pintura Eletrostática'),
	(651, 72, 1, 'Spot de Embutir Orientável Recuado'),
	(652, 72, 2, '18 x 18 x 8,5cm'),
	(653, 72, 3, '01 (uma)'),
	(654, 72, 4, 'GU-10 (padrão atual AR111 LED) caso queira utilizar lampadas convencionais consultar bocal BA15D'),
	(655, 72, 5, 'AR111 (convencional ou Led)'),
	(656, 72, 6, 'N/T'),
	(657, 72, 7, '01 (um) ano contra defeito de fabricação'),
	(658, 72, 11, 'Presilha de Pressão'),
	(659, 72, 18, 'Branco'),
	(660, 72, 19, 'Alumínio com Pintura Eletrostática'),
	(661, 73, 1, 'Arandela Quadrada'),
	(662, 73, 2, '11 x 11 x 7cm'),
	(663, 73, 3, '01 (uma)'),
	(664, 73, 4, 'G9 (bipino)'),
	(665, 73, 5, 'Incandescente ou Led G9'),
	(666, 73, 6, 'N/T'),
	(667, 73, 7, '01 (um) ano contra defeito de fabricação'),
	(668, 73, 18, 'Escovado'),
	(669, 73, 19, 'Alumínio escovado'),
	(670, 74, 1, 'Spot de Embutir Orientável Recuado'),
	(671, 74, 2, '14 x 14 x 10cm'),
	(672, 74, 3, '01 (uma)'),
	(673, 74, 4, 'E-27 (bocal de rosca)'),
	(674, 74, 5, 'PAR20 Convencional ou Led'),
	(675, 74, 6, 'N/T'),
	(676, 74, 7, '01 (um) ano contra defeito de fabricação'),
	(677, 74, 11, 'Por presilha de pressão'),
	(678, 74, 18, 'Branco'),
	(679, 74, 19, 'Aluminio'),
	(680, 75, 1, 'Spot de Embutir Orientável Recuado'),
	(681, 75, 2, '14 x 14 x 6cm'),
	(682, 75, 3, '01 (uma)'),
	(683, 75, 4, 'GU-10 (padrão atual AR70)'),
	(684, 75, 5, 'AR 70 GU-10'),
	(685, 75, 6, 'N/T'),
	(686, 75, 7, '01 (um) ano contra defeito de fabricação'),
	(687, 75, 11, 'Presilha de Pressão'),
	(688, 75, 18, 'Branco'),
	(689, 75, 19, 'Aluminio'),
	(690, 76, 1, 'Spot de Embutir Orientável Recuado'),
	(691, 76, 2, '18 x 18 x 6cm'),
	(692, 76, 3, '01 (uma)'),
	(693, 76, 4, 'GU-10 (padrão atual AR111 Led)'),
	(694, 76, 5, 'AR 111 GU-10'),
	(695, 76, 6, 'N/T'),
	(696, 76, 7, '01 (um) ano contra defeito de fabricação'),
	(697, 76, 18, 'Branco'),
	(698, 76, 19, 'Aluminio'),
	(699, 77, 1, 'Spot de Embutir Orientável Recuado'),
	(700, 77, 2, '18 x 18 x 12cm'),
	(701, 77, 3, '01 (uma)'),
	(702, 77, 4, 'E-27 (bocal de rosca)'),
	(703, 77, 5, 'PAR30'),
	(704, 77, 6, 'N/T'),
	(705, 77, 7, '01 (um) ano contra defeito de fabricação'),
	(706, 77, 11, 'Por presilha de pressão'),
	(707, 77, 18, 'Branco'),
	(708, 77, 19, 'Aluminio'),
	(709, 78, 1, 'Spot de Embutir Orientável Recuado'),
	(710, 78, 2, '12 x 12 x 6cm'),
	(711, 78, 3, '01 (uma)'),
	(712, 78, 4, 'GU-10 (padrão atual dicróica)'),
	(713, 78, 5, 'Dicróica'),
	(714, 78, 6, 'N/T'),
	(715, 78, 7, '01 (um) ano contra defeito de fabricação'),
	(716, 78, 11, 'Presilha de Pressão'),
	(717, 78, 18, 'Branco'),
	(718, 78, 19, 'Aluminio'),
	(719, 79, 1, 'Arandela Retangular'),
	(720, 79, 2, '12 x 19,5 x 10,5cm'),
	(721, 79, 3, '01 (uma)'),
	(722, 79, 4, 'R7 Halogena ou Led'),
	(723, 79, 5, 'R7 Halogena Palito ou Led'),
	(724, 79, 6, 'N/T'),
	(725, 79, 7, '01 (um) ano contra defeito de fabricação'),
	(726, 79, 18, 'Branco Texturizado'),
	(727, 79, 19, 'Alumínio e Vidro'),
	(728, 80, 1, 'Arandela Redonda'),
	(729, 80, 2, '12 x 14 x 16cm'),
	(730, 80, 3, '01 (uma)'),
	(731, 80, 4, 'G9 (bipino)'),
	(732, 80, 5, 'Incandescente ou Led G9'),
	(733, 80, 6, 'N/T'),
	(734, 80, 7, '01 (um) ano contra defeito de fabricação'),
	(735, 80, 18, 'Branco'),
	(736, 80, 19, 'Metal Satinado e Vidro leitoso'),
	(737, 81, 1, 'Arandela Redonda'),
	(738, 81, 2, '12 x 14 x 16cm'),
	(739, 81, 3, '01 (uma)'),
	(740, 81, 4, 'G9 (bipino)'),
	(741, 81, 5, 'Incandescente ou Led G9'),
	(742, 81, 6, 'N/T'),
	(743, 81, 7, '01 (um) ano contra defeito de fabricação'),
	(744, 81, 18, 'Branco'),
	(745, 81, 19, 'Metal Satinado e Vidro leitoso'),
	(746, 82, 1, 'Pendente'),
	(747, 82, 2, 'Ø37 x 13cm - Cabo 150cm'),
	(748, 82, 3, '06 (seis)'),
	(749, 82, 4, 'E-27 (bocal de rosca)'),
	(750, 82, 5, 'Econômica ou Bulbo Led até 20W'),
	(751, 82, 6, 'N/T'),
	(752, 82, 7, '01 (um) ano contra defeito de fabricação'),
	(753, 82, 18, 'BRANCO MICROTEXTURIZADO/PRETO MICROTEXTURIZADO/VERMELHO/LARANJA/AMARELO/MARROM CORTEN/VERDE/AZUL BEB'),
	(754, 82, 19, 'Aluminio'),
	(755, 83, 1, 'Pendente'),
	(756, 83, 2, 'Ø53 x 17cm Cabo 150cm'),
	(757, 83, 3, '04 (quatro)'),
	(758, 83, 4, 'E-27 (bocal de rosca)'),
	(759, 83, 5, 'Econômica ou Bulbo Led até 20W'),
	(760, 83, 6, 'N/T'),
	(761, 83, 7, '01 (um) ano contra defeito de fabricação'),
	(762, 83, 18, 'BRANCO MICROTEXTURIZADO/PRETO MICROTEXTURIZADO/VERMELHO/LARANJA/AMARELO/MARROM CORTEN/VERDE/AZUL BEB'),
	(763, 83, 19, 'Aluminio'),
	(764, 84, 1, 'Pendente'),
	(765, 84, 2, 'Ø53 x 17cm altura - Cabo 150cm'),
	(766, 84, 3, '06 (seis)'),
	(767, 84, 4, 'E-27 (bocal de rosca)'),
	(768, 84, 5, 'Econômica ou Bulbo Led até 20W'),
	(769, 84, 6, 'N/T'),
	(770, 84, 7, '01 (um) ano contra defeito de fabricação'),
	(771, 84, 18, 'Preto'),
	(772, 84, 19, 'Aluminio'),
	(773, 85, 1, 'Pendente'),
	(774, 85, 2, 'Ø68 x 19cm - Cabo 150cm'),
	(775, 85, 3, '08 (oito)'),
	(776, 85, 4, 'E-27 (bocal de rosca)'),
	(777, 85, 5, 'Econômica ou Bulbo Led até 20W'),
	(778, 85, 6, 'N/T'),
	(779, 85, 7, '01 (um) ano contra defeito de fabricação'),
	(780, 85, 18, 'BRANCO MICROTEXTURIZADO/PRETO MICROTEXTURIZADO/VERMELHO/LARANJA/AMARELO/MARROM CORTEN/VERDE/AZUL BEB'),
	(781, 85, 19, 'Aluminio'),
	(782, 86, 1, 'Spot de Embutir Orientável'),
	(783, 86, 2, '10,5 x 10,5 x 5cm'),
	(784, 86, 3, '01 (uma)'),
	(785, 86, 4, 'GU-10 (padrão atual dicróica)'),
	(786, 86, 5, 'Dicróica'),
	(787, 86, 6, 'N/T'),
	(788, 86, 7, '05 (cinco) anos contra defeito de fabricação'),
	(789, 86, 11, ' CLICK UTILIZA UM ARO DE FIXAÇÃO (NÃO UTILIZA PRESILHAS DE PRESSÃO)'),
	(790, 86, 18, 'BRANCO BRILHANTE'),
	(791, 86, 19, 'Alumínio com Pintura Eletrostática em Poliéster'),
	(792, 87, 1, 'Spot de Embutir Orientável'),
	(793, 87, 2, '16 x 16 x 13cm'),
	(794, 87, 3, '01 (uma)'),
	(795, 87, 4, 'E-27 (bocal de rosca)'),
	(796, 87, 5, 'PAR30 ou CDMR PAR30 (convencional ou Led)'),
	(797, 87, 6, 'N/T'),
	(798, 87, 7, '05 (cinco) anos contra defeito de fabricação'),
	(799, 87, 18, 'BRANCO BRILHANTE'),
	(800, 87, 19, 'Alumínio com Pintura Eletrostática em Poliéster'),
	(801, 88, 1, 'Spot de Embutir Orientável'),
	(802, 88, 2, '12 x 12 x 7cm'),
	(803, 88, 3, '01 (uma)'),
	(804, 88, 4, 'GU-10 (padrão atual AR 70)'),
	(805, 88, 5, 'AR 70 LED (bocal diferente AR 70 convencional)'),
	(806, 88, 6, 'N/T'),
	(807, 88, 7, '05 (cinco) anos contra defeito de fabricação'),
	(808, 88, 11, 'CLICK UTILIZA UM ARO DE FIXAÇÃO (NÃO UTILIZA PRESILHAS DE PRESSÃO)'),
	(809, 88, 18, 'BRANCO BRILHANTE'),
	(810, 88, 19, 'Alumínio com Pintura Eletrostática em Poliéster'),
	(811, 89, 1, 'Spot de Embutir Orientável'),
	(812, 89, 2, '12 x 12 x 8,6cm'),
	(813, 89, 3, '01 (uma)'),
	(814, 89, 4, 'E-27 (bocal de rosca)'),
	(815, 89, 5, 'PAR20 Convencional ou Led'),
	(816, 89, 6, 'N/T'),
	(817, 89, 7, '05 (cinco) anos contra defeito de fabricação'),
	(818, 89, 11, 'CLICK UTILIZA UM ARO DE FIXAÇÃO (NÃO UTILIZA PRESILHAS DE PRESSÃO)'),
	(819, 89, 18, 'BRANCO BRILHANTE'),
	(820, 89, 19, 'Alumínio com Pintura Eletrostática em Poliéster'),
	(821, 90, 1, 'Spot de Embutir Orientável'),
	(822, 90, 2, '16 x 16 x 13cm'),
	(823, 90, 3, '01 (uma)'),
	(824, 90, 4, 'GU-10 (padrão atual AR111 LED) caso queira utilizar lampadas convencionais consultar bocal BA15D'),
	(825, 90, 5, 'AR111 (convencional ou Led)'),
	(826, 90, 6, 'N/T'),
	(827, 90, 7, '05 (cinco) anos contra defeito de fabricação'),
	(828, 90, 11, 'CLICK UTILIZA UM ARO DE FIXAÇÃO (NÃO UTILIZA PRESILHAS DE PRESSÃO)'),
	(829, 90, 18, 'BRANCO BRILHANTE'),
	(830, 90, 19, 'Alumínio com Pintura Eletrostática em Poliéster'),
	(831, 91, 1, 'Spot de Embutir Orientável'),
	(832, 91, 2, 'Ø16 x 13cm'),
	(833, 91, 3, '01 (uma)'),
	(834, 91, 4, 'GU-10 (padrão atual AR111 Led)'),
	(835, 91, 5, 'AR111 (convencional ou Led)'),
	(836, 91, 6, 'N/T'),
	(837, 91, 7, '05 (cinco) anos contra defeito de fabricação'),
	(838, 91, 11, 'CLICK UTILIZA UM ARO DE FIXAÇÃO (NÃO UTILIZA PRESILHAS DE PRESSÃO)'),
	(839, 91, 18, 'BRANCO BRILHANTE'),
	(840, 91, 19, 'Alumínio com Pintura Eletrostática em Poliéster'),
	(841, 92, 1, 'Spot de Embutir Orientável'),
	(842, 92, 2, 'Ø10,5 x 5cm alt'),
	(843, 92, 3, '01 (uma)'),
	(844, 92, 4, 'GU-10 (padrão atual dicróica)'),
	(845, 92, 5, 'Dicróica (convencional ou Led)'),
	(846, 92, 11, 'CLICK UTILIZA UM ARO DE FIXAÇÃO (NÃO UTILIZA PRESILHAS DE PRESSÃO)'),
	(847, 92, 18, 'BRANCO BRILHANTE'),
	(848, 92, 19, 'Alumínio com Pintura Eletrostática em Poliéster'),
	(849, 93, 1, 'Spot de Embutir Orientável'),
	(850, 93, 2, 'Ø16 x 13cm alt'),
	(851, 93, 3, '01 (uma)'),
	(852, 93, 4, 'E-27 (bocal de rosca)'),
	(853, 93, 5, 'PAR30 ou CDMR PAR30 (convencional ou Led)'),
	(854, 93, 11, 'CLICK UTILIZA UM ARO DE FIXAÇÃO (NÃO UTILIZA PRESILHAS DE PRESSÃO)'),
	(855, 93, 18, 'BRANCO BRILHANTE'),
	(856, 93, 19, 'Alumínio com Pintura Eletrostática em Poliéster'),
	(857, 94, 1, 'Spot de Embutir Orientável'),
	(858, 94, 2, 'Ø12 x 9cm alt'),
	(859, 94, 3, '01 (uma)'),
	(860, 94, 4, 'E-27 (bocal de rosca)'),
	(861, 94, 5, 'PAR20 Convencional ou Led'),
	(862, 94, 11, 'CLICK UTILIZA UM ARO DE FIXAÇÃO (NÃO UTILIZA PRESILHAS DE PRESSÃO)'),
	(863, 94, 18, 'BRANCO BRILHANTE'),
	(864, 94, 19, 'Alumínio com Pintura Eletrostática em Poliéster'),
	(865, 95, 1, 'Balizador de embutir quadrado'),
	(866, 95, 2, '4,5 x 4,5 x 8cm'),
	(867, 95, 3, 'Não possui'),
	(868, 95, 4, 'Não possui'),
	(869, 95, 5, 'Não Possui'),
	(870, 95, 6, 'Bivolt'),
	(871, 95, 7, '05 (cinco) anos contra defeito de fabricação'),
	(872, 95, 10, '0,75W'),
	(873, 95, 11, 'ALOJAMENTO DE FIXAÇÃO EM ALUMINIO (SERVE COMO BASE DE ENCAIXE), PEÇA ENCAIXA POR PRESILHAS DE PRESSÃO'),
	(874, 95, 18, 'Branco Texturizado'),
	(875, 95, 19, 'Alumínio com Pintura Eletrostática em Poliéster'),
	(876, 96, 1, ' SPOT DE EMBUTIR ORIENTÁVEL COM FOCO RECUADO E ANGULAÇÃO EM 360º'),
	(877, 96, 2, '10 x 10 x 6cm'),
	(878, 96, 3, '01 (uma)'),
	(879, 96, 4, 'GU-10 (padrão atual dicróica)'),
	(880, 96, 5, 'Dicróica ou Mini Dicróica (somente Led)'),
	(881, 96, 6, 'N/T'),
	(882, 96, 7, '01 (um) ano contra defeito de fabricação'),
	(883, 96, 11, 'Por presilha de pressão'),
	(884, 96, 18, 'Branco Fosco'),
	(885, 96, 19, 'Termoplástico com tratamento UV'),
	(886, 97, 1, 'SPOT DE EMBUTIR ORIENTÁVEL COM FOCO RECUADO E ANGULAÇÃO DE 360º'),
	(887, 97, 2, '13 x 13 x 5cm'),
	(888, 97, 3, '01 (uma)'),
	(889, 97, 4, 'GU-10 (padrão atual AR 70)'),
	(890, 97, 5, 'AR 70 (somente Led)'),
	(891, 97, 6, 'N/T'),
	(892, 97, 7, '01 (um) ano contra defeito de fabricação'),
	(893, 97, 11, 'Por presilha de pressão'),
	(894, 97, 18, 'Branco Fosco'),
	(895, 97, 19, 'Termoplástico com tratamento UV'),
	(896, 98, 1, 'SPOT DE EMBUTIR ORIENTÁVEL COM FOCO RECUADO E ANGULAÇÃO DE 360º'),
	(897, 98, 2, '13 x 13 x 9cm'),
	(898, 98, 3, '01 (uma)'),
	(899, 98, 4, 'E-27 (bocal de rosca)'),
	(900, 98, 5, 'PAR20 (somente Led)'),
	(901, 98, 6, 'N/T'),
	(902, 98, 7, '01 (um) ano contra defeito de fabricação'),
	(903, 98, 11, 'Por presilha de pressão'),
	(904, 98, 18, 'Branco Fosco'),
	(905, 98, 19, 'Termoplástico com tratamento UV'),
	(906, 99, 1, 'SPOT DE EMBUTIR ORIENTÁVEL COM FOCO RECUADO E ANGULAÇÃO DE 360º'),
	(907, 99, 2, '17 x 17 x 5cm'),
	(908, 99, 3, '01 (uma)'),
	(909, 99, 4, 'GU-10 (padrão atual AR111)'),
	(910, 99, 5, 'AR 111 (somente Led)'),
	(911, 99, 6, 'N/T'),
	(912, 99, 7, '01 (um) ano contra defeito de fabricação'),
	(913, 99, 11, 'Por presilha de pressão'),
	(914, 99, 18, 'Branco Fosco'),
	(915, 99, 19, 'Termoplástico com tratamento UV'),
	(916, 100, 1, 'SPOT DE EMBUTIR ORIENTÁVEL COM FOCO RECUADO E ANGULAÇÃO DE 360º'),
	(917, 100, 2, '17 x 17 x 13cm'),
	(918, 100, 3, '01 (uma)'),
	(919, 100, 4, 'E-27 (bocal de rosca)'),
	(920, 100, 5, 'PAR30 (somente Led)'),
	(921, 100, 6, 'N/T'),
	(922, 100, 7, '01 (um) ano contra defeito de fabricação'),
	(923, 100, 11, 'Por presilha de pressão'),
	(924, 100, 18, 'Branco Fosco'),
	(925, 100, 19, 'Termoplástico com tratamento UV'),
	(926, 101, 1, 'SPOT DE EMBUTIR ORIENTÁVEL COM FOCO RECUADO E ANGULAÇÃO DE 360º'),
	(927, 101, 2, 'Ø10 x 7cm alt'),
	(928, 101, 3, '01 (uma)'),
	(929, 101, 4, 'GU-10 (padrão atual dicróica)'),
	(930, 101, 5, 'Dicróica ou Mini Dicróica (somente Led)'),
	(931, 101, 6, 'N/T'),
	(932, 101, 7, '01 (um) ano contra defeito de fabricação'),
	(933, 101, 11, 'Por presilha de pressão'),
	(934, 101, 18, 'Branco Fosco'),
	(935, 101, 19, 'Termoplástico com tratamento UV'),
	(936, 102, 1, 'SPOT DE EMBUTIR ORIENTÁVEL COM FOCO RECUADO E ANGULAÇÃO DE 360º'),
	(937, 102, 2, 'Ø13 x 6cm alt'),
	(938, 102, 3, '01 (uma)'),
	(939, 102, 4, 'GU-10 (padrão atual AR 70)'),
	(940, 102, 5, 'AR 70 (somente Led)'),
	(941, 102, 6, 'N/T'),
	(942, 102, 7, '01 (um) ano contra defeito de fabricação'),
	(943, 102, 11, 'Por presilha de pressão'),
	(944, 102, 18, 'Branco Fosco'),
	(945, 102, 19, 'Termoplástico com tratamento UV'),
	(946, 103, 1, 'SPOT DE EMBUTIR ORIENTÁVEL COM FOCO RECUADO E ANGULAÇÃO DE 360º'),
	(947, 103, 2, 'Ø13 x 9cm alt'),
	(948, 103, 3, '01 (uma)'),
	(949, 103, 4, 'E-27 (bocal de rosca)'),
	(950, 103, 5, 'PAR20 (somente Led)'),
	(951, 103, 6, 'N/T'),
	(952, 103, 7, '01 (um) ano contra defeito de fabricação'),
	(953, 103, 11, 'Por presilha de pressão'),
	(954, 103, 18, 'Branco Fosco'),
	(955, 103, 19, 'Termoplástico com tratamento UV'),
	(956, 104, 1, 'SPOT DE EMBUTIR ORIENTÁVEL COM FOCO RECUADO E ANGULAÇÃO DE 360º'),
	(957, 104, 2, 'Ø17 x 6cm alt'),
	(958, 104, 3, '01 (uma)'),
	(959, 104, 4, 'GU-10 (padrão atual AR111)'),
	(960, 104, 5, 'AR 111 (somente Led)'),
	(961, 104, 6, 'N/T'),
	(962, 104, 7, '01 (um) ano contra defeito de fabricação'),
	(963, 104, 11, 'Por presilha de pressão'),
	(964, 104, 18, 'Branco Fosco'),
	(965, 104, 19, 'Termoplástico com tratamento UV'),
	(966, 105, 1, 'SPOT DE EMBUTIR ORIENTÁVEL COM FOCO RECUADO E ANGULAÇÃO DE 360º'),
	(967, 105, 2, '17 x 17 x 13cm'),
	(968, 105, 3, '01 (uma)'),
	(969, 105, 4, 'E-27 (bocal de rosca)'),
	(970, 105, 5, 'PAR30 (somente Led)'),
	(971, 105, 6, 'N/T'),
	(972, 105, 7, '01 (um) ano contra defeito de fabricação'),
	(973, 105, 11, 'Por presilha de pressão'),
	(974, 105, 18, 'Branco Fosco'),
	(975, 105, 19, 'Termoplástico com tratamento UV'),
	(976, 106, 1, 'Luminária de Embutir de Led'),
	(977, 106, 2, '17 x 17 x 2,2cm'),
	(978, 106, 3, 'Não possui'),
	(979, 106, 4, 'Não possui'),
	(980, 106, 5, 'Não possui (circuito de Led Integrado)'),
	(981, 106, 6, 'Bivolt'),
	(982, 106, 7, '02 (dois) anos contra defeito de fabricação'),
	(983, 106, 8, 'Branco Quente 3000K'),
	(984, 106, 9, '900lm'),
	(985, 106, 10, '12W'),
	(986, 106, 11, 'Presilhas de pressão (borboleta)'),
	(987, 106, 12, 'Driver de Led Incluso'),
	(988, 106, 18, 'Branco Fosco'),
	(989, 106, 19, 'Termoplástico e Aluminio'),
	(990, 107, 1, 'Luminária de Embutir de Led'),
	(991, 107, 2, '17 x 17 x 2,2cm'),
	(992, 107, 3, 'Não possui'),
	(993, 107, 4, 'Não possui'),
	(994, 107, 5, 'Não possui (circuito de Led Integrado)'),
	(995, 107, 6, 'Bivolt'),
	(996, 107, 7, '02 (dois) anos contra defeito de fabricação'),
	(997, 107, 8, 'Branco Frio 5700K'),
	(998, 107, 9, '900lm'),
	(999, 107, 10, '12W'),
	(1000, 107, 11, 'Presilhas de pressão (borboleta)'),
	(1001, 107, 12, 'Driver de Led Incluso'),
	(1002, 107, 18, 'Branco Fosco'),
	(1003, 107, 19, 'Termoplástico e Aluminio'),
	(1004, 108, 1, 'Luminária de Embutir de Led'),
	(1005, 108, 2, '22,5 x 22,5 x 2,2cm'),
	(1006, 108, 3, 'Não possui'),
	(1007, 108, 4, 'Não possui'),
	(1008, 108, 5, 'Não possui (circuito de Led Intergrado)'),
	(1009, 108, 6, 'Bivolt'),
	(1010, 108, 7, '02 (dois) anos contra defeito de fabricação'),
	(1011, 108, 8, 'Branco Quente 3000K'),
	(1012, 108, 9, '1220lm'),
	(1013, 108, 10, '20W'),
	(1014, 108, 11, 'Presilhas de pressão (borboleta)'),
	(1015, 108, 12, 'Driver de Led Incluso'),
	(1016, 108, 18, 'Branco Fosco'),
	(1017, 108, 19, 'Termoplástico e Aluminio'),
	(1018, 109, 1, 'Luminária de Embutir de Led'),
	(1019, 109, 2, '22,5 x 22,5 x 2,2cm'),
	(1020, 109, 3, 'Não possui'),
	(1021, 109, 4, 'Não possui'),
	(1022, 109, 5, 'Não possui (circuito de Led Intergrado)'),
	(1023, 109, 6, 'Bivolt'),
	(1024, 109, 7, '02 (dois) anos contra defeito de fabricação'),
	(1025, 109, 8, 'Branco Frio 5700K'),
	(1026, 109, 9, '1220lm'),
	(1027, 109, 10, '20W'),
	(1028, 109, 11, 'Presilhas de pressão (borboleta)'),
	(1029, 109, 12, 'Driver de Led Incluso'),
	(1030, 109, 18, 'Branco Fosco'),
	(1031, 109, 19, 'Termoplástico e Aluminio'),
	(1032, 110, 1, 'Luminária de Embutir de Led'),
	(1033, 110, 2, '30 x 30 x 2,2cm'),
	(1034, 110, 3, 'Não possui'),
	(1035, 110, 4, 'Não possui'),
	(1036, 110, 5, 'Não possui (circuito de Led Intergrado)'),
	(1037, 110, 6, 'Bivolt'),
	(1038, 110, 7, '02 (dois) anos contra defeito de fabricação'),
	(1039, 110, 8, 'Branco Quente 3000K'),
	(1040, 110, 9, '1760lm'),
	(1041, 110, 10, '25W'),
	(1042, 110, 11, 'Presilhas de pressão (borboleta)'),
	(1043, 110, 12, 'Driver de Led Incluso'),
	(1044, 110, 18, 'Branco Fosco'),
	(1045, 110, 19, 'Termoplástico e Aluminio'),
	(1046, 111, 1, 'Luminária de Embutir de Led'),
	(1047, 111, 2, '30 x 30 x 2,2cm'),
	(1048, 111, 3, 'Não possui'),
	(1049, 111, 4, 'Não possui'),
	(1050, 111, 5, 'Não possui (circuito de Led Intergrado)'),
	(1051, 111, 6, 'Bivolt'),
	(1052, 111, 7, '02 (dois) anos contra defeito de fabricação'),
	(1053, 111, 8, 'Branco Frio 5700K'),
	(1054, 111, 9, '1760lm'),
	(1055, 111, 10, '25W'),
	(1056, 111, 11, 'Presilhas de pressão (borboleta)'),
	(1057, 111, 12, 'Driver de Led Incluso'),
	(1058, 111, 18, 'Branco Fosco'),
	(1059, 111, 19, 'Termoplástico e Aluminio'),
	(1060, 112, 1, 'Luminária de Embutir de Led'),
	(1061, 112, 2, '40 x 40 x 2,2cm'),
	(1062, 112, 3, 'Não possui'),
	(1063, 112, 4, 'Não possui'),
	(1064, 112, 5, 'Não possui (circuito de Led Intergrado)'),
	(1065, 112, 6, 'Bivolt'),
	(1066, 112, 7, '02 (dois) anos contra defeito de fabricação'),
	(1067, 112, 8, 'Branco Quente 3000K'),
	(1068, 112, 9, '2300Lm'),
	(1069, 112, 10, '36W'),
	(1070, 112, 11, 'Presilhas de pressão (borboleta)'),
	(1071, 112, 12, 'Driver de Led Incluso'),
	(1072, 112, 18, 'Branco Fosco'),
	(1073, 112, 19, 'Termoplástico e Aluminio'),
	(1074, 113, 1, 'Luminária de Embutir de Led'),
	(1075, 113, 2, '40 x 40 x 2,2cm'),
	(1076, 113, 3, 'Não possui'),
	(1077, 113, 4, 'Não possui'),
	(1078, 113, 5, 'Não possui (circuito de Led Intergrado)'),
	(1079, 113, 6, 'Bivolt'),
	(1080, 113, 7, '02 (dois) anos contra defeito de fabricação'),
	(1081, 113, 8, 'Branco Frio 5700K'),
	(1082, 113, 9, '2300Lm'),
	(1083, 113, 10, '36W'),
	(1084, 113, 11, 'Presilhas de pressão (borboleta)'),
	(1085, 113, 12, 'Driver de Led Incluso'),
	(1086, 113, 18, 'Branco Fosco'),
	(1087, 113, 19, 'Termoplástico e Aluminio'),
	(1088, 114, 1, 'Luminária de Embutir de Led'),
	(1089, 114, 2, '62 x 62 x 2,2cm'),
	(1090, 114, 3, 'Não possui'),
	(1091, 114, 4, 'Não possui'),
	(1092, 114, 5, 'Não possui (circuito de Led Intergrado)'),
	(1093, 114, 6, 'Bivolt'),
	(1094, 114, 7, '02 (dois) anos contra defeito de fabricação'),
	(1095, 114, 8, 'Branco Quente 3000K'),
	(1096, 114, 9, '3200Lm'),
	(1097, 114, 10, '45W'),
	(1098, 114, 11, 'Presilhas de pressão (borboleta)'),
	(1099, 114, 12, 'Driver de Led Incluso'),
	(1100, 114, 18, 'Branco Fosco'),
	(1101, 114, 19, 'Termoplástico e Aluminio'),
	(1102, 115, 1, 'Luminária de Embutir de Led'),
	(1103, 115, 2, '62 x 62 x 2,2cm'),
	(1104, 115, 3, 'Não possui'),
	(1105, 115, 4, 'Não possui'),
	(1106, 115, 5, 'Não possui (circuito de Led Intergrado)'),
	(1107, 115, 6, 'Bivolt'),
	(1108, 115, 7, '02 (dois) anos contra defeito de fabricação'),
	(1109, 115, 8, 'Branco Frio 5700K'),
	(1110, 115, 9, '3200Lm'),
	(1111, 115, 10, '45W'),
	(1112, 115, 11, 'Presilhas de pressão (borboleta)'),
	(1113, 115, 12, 'Driver de Led Incluso'),
	(1114, 115, 18, 'Branco Fosco'),
	(1115, 115, 19, 'Termoplástico e Aluminio'),
	(1116, 116, 1, 'Luminária de Sobrepor de Led'),
	(1117, 116, 2, '17 x 17 x 2,2cm'),
	(1118, 116, 3, 'Não possui'),
	(1119, 116, 4, 'Não possui'),
	(1120, 116, 5, 'Não possui (circuito de Led Intergrado)'),
	(1121, 116, 6, 'Bivolt'),
	(1122, 116, 7, '02 (dois) anos contra defeito de fabricação'),
	(1123, 116, 8, 'Branco Quente 3000K'),
	(1124, 116, 9, '900lm'),
	(1125, 116, 10, '12W'),
	(1126, 116, 11, 'Bucha com Parafusos'),
	(1127, 116, 12, 'Driver de Led Incluso'),
	(1128, 116, 18, 'Branco Fosco'),
	(1129, 116, 19, 'Termoplástico e Aluminio'),
	(1130, 117, 1, 'Luminária de Sobrepor de Led'),
	(1131, 117, 2, '17 x 17 x 2,2cm'),
	(1132, 117, 3, 'Não possui'),
	(1133, 117, 4, 'Não possui'),
	(1134, 117, 5, 'Não possui (circuito de Led Intergrado)'),
	(1135, 117, 6, 'Bivolt'),
	(1136, 117, 7, '02 (dois) anos contra defeito de fabricação'),
	(1137, 117, 8, 'Branco Frio 5700K'),
	(1138, 117, 9, '900lm'),
	(1139, 117, 10, '12W'),
	(1140, 117, 11, 'Bucha com Parafusos'),
	(1141, 117, 12, 'Driver de Led Incluso'),
	(1142, 117, 18, 'Branco Fosco'),
	(1143, 117, 19, 'Termoplástico e Aluminio'),
	(1144, 118, 1, 'Luminária de Sobrepor de Led'),
	(1145, 118, 2, '22 x 22 x 2,2cm'),
	(1146, 118, 3, 'Não possui'),
	(1147, 118, 4, 'Não possui'),
	(1148, 118, 5, 'Não possui (circuito de Led Intergrado)'),
	(1149, 118, 6, 'Bivolt'),
	(1150, 118, 7, '02 (dois) anos contra defeito de fabricação'),
	(1151, 118, 8, 'Branco Quente 3000K'),
	(1152, 118, 9, '1220lm'),
	(1153, 118, 10, '20W'),
	(1154, 118, 11, 'Bucha com Parafusos'),
	(1155, 118, 12, 'Driver de Led Incluso'),
	(1156, 118, 18, 'Branco Fosco'),
	(1157, 118, 19, 'Termoplástico e Aluminio'),
	(1158, 119, 1, 'Luminária de Sobrepor de Led'),
	(1159, 119, 2, '22 x 22 x 2,2cm'),
	(1160, 119, 3, 'Não possui'),
	(1161, 119, 4, 'Não possui'),
	(1162, 119, 5, 'Não possui (circuito de Led Intergrado)'),
	(1163, 119, 6, 'Bivolt'),
	(1164, 119, 7, '02 (dois) anos contra defeito de fabricação'),
	(1165, 119, 8, 'Branco Frio 5700K'),
	(1166, 119, 9, '1220lm'),
	(1167, 119, 10, '20W'),
	(1168, 119, 11, 'Bucha com Parafusos'),
	(1169, 119, 12, 'Driver de Led Incluso'),
	(1170, 119, 18, 'Branco Fosco'),
	(1171, 119, 19, 'Termoplástico e Aluminio'),
	(1172, 120, 1, 'Luminária de Sobrepor de Led'),
	(1173, 120, 2, '30 x 30 x 2,2cm'),
	(1174, 120, 3, 'Não possui'),
	(1175, 120, 4, 'Não possui'),
	(1176, 120, 5, 'Não possui (circuito de Led Intergrado)'),
	(1177, 120, 6, 'Bivolt'),
	(1178, 120, 7, '02 (dois) anos contra defeito de fabricação'),
	(1179, 120, 8, 'Branco Quente 3000K'),
	(1180, 120, 9, '1760lm'),
	(1181, 120, 10, '25W'),
	(1182, 120, 11, 'Bucha com Parafusos'),
	(1183, 120, 12, 'Driver de Led Incluso'),
	(1184, 120, 18, 'Branco Fosco'),
	(1185, 120, 19, 'Termoplástico e Aluminio'),
	(1186, 121, 1, 'Luminária de Sobrepor de Led'),
	(1187, 121, 2, '30 x 30 x 2,2cm'),
	(1188, 121, 3, 'Não possui'),
	(1189, 121, 4, 'Não possui'),
	(1190, 121, 5, 'Não possui (circuito de Led Intergrado)'),
	(1191, 121, 6, 'Bivolt'),
	(1192, 121, 7, '02 (dois) anos contra defeito de fabricação'),
	(1193, 121, 8, 'Branco Frio 5700K'),
	(1194, 121, 9, '1760lm'),
	(1195, 121, 10, '25W'),
	(1196, 121, 11, 'Bucha com Parafusos'),
	(1197, 121, 12, 'Driver de Led Incluso'),
	(1198, 121, 18, 'Branco Fosco'),
	(1199, 121, 19, 'Termoplástico e Aluminio'),
	(1200, 122, 1, 'Luminária de Sobrepor de Led'),
	(1201, 122, 2, '40 x 40 x 2,2cm'),
	(1202, 122, 3, 'Não possui'),
	(1203, 122, 4, 'Não possui'),
	(1204, 122, 5, 'Não possui (circuito de Led Intergrado)'),
	(1205, 122, 6, 'Bivolt'),
	(1206, 122, 7, '02 (dois) anos contra defeito de fabricação'),
	(1207, 122, 8, 'Branco Quente 3000K'),
	(1208, 122, 9, '2300Lm'),
	(1209, 122, 10, '36W'),
	(1210, 122, 11, 'Bucha com Parafusos'),
	(1211, 122, 12, 'Driver de Led Incluso'),
	(1212, 122, 18, 'Branco Fosco'),
	(1213, 122, 19, 'Termoplástico e Aluminio'),
	(1214, 123, 1, 'Luminária de Sobrepor de Led'),
	(1215, 123, 2, '40 x 40 x 2,2cm'),
	(1216, 123, 3, 'Não possui'),
	(1217, 123, 4, 'Não possui'),
	(1218, 123, 5, 'Não possui (circuito de Led Intergrado)'),
	(1219, 123, 6, 'Bivolt'),
	(1220, 123, 7, '02 (dois) anos contra defeito de fabricação'),
	(1221, 123, 8, 'Branco Frio 5700K'),
	(1222, 123, 9, '2300Lm'),
	(1223, 123, 10, '36W'),
	(1224, 123, 11, 'Bucha com Parafusos'),
	(1225, 123, 12, 'Driver de Led Incluso'),
	(1226, 123, 18, 'Branco Fosco'),
	(1227, 123, 19, 'Termoplástico e Aluminio'),
	(1228, 124, 1, 'Arandela de Led'),
	(1229, 124, 2, '21 x 21 x 6cm'),
	(1230, 124, 3, 'Não possui'),
	(1231, 124, 4, 'Não possui'),
	(1232, 124, 5, 'Não possui (circuito de Led Integrado)'),
	(1233, 124, 6, 'Bivolt'),
	(1234, 124, 7, '02 (dois) anos contra defeito de fabricação'),
	(1235, 124, 8, 'Branco Quente 3000K'),
	(1236, 124, 9, '800Lm'),
	(1237, 124, 10, '8W'),
	(1238, 124, 11, 'Bucha com Parafusos'),
	(1239, 124, 18, 'Branco Fosco'),
	(1240, 124, 19, 'Termoplástico'),
	(1241, 125, 1, 'Arandela de Led'),
	(1242, 125, 2, '21 x 21 x 6cm'),
	(1243, 125, 3, 'Não possui'),
	(1244, 125, 4, 'Não possui'),
	(1245, 125, 5, 'Não possui (circuito de Led Intergrado)'),
	(1246, 125, 6, 'Bivolt'),
	(1247, 125, 7, '02 (dois) anos contra defeito de fabricação'),
	(1248, 125, 8, 'Branco Frio 5700K'),
	(1249, 125, 9, '800Lm'),
	(1250, 125, 10, '8W'),
	(1251, 125, 11, 'Bucha com Parafusos'),
	(1252, 125, 18, 'Branco Fosco'),
	(1253, 125, 19, 'Termoplástico'),
	(1254, 126, 2, 'Ø11,1 x 7cm alt'),
	(1255, 126, 4, 'GU10'),
	(1256, 126, 6, 'Bivolt'),
	(1257, 126, 7, '02 (dois) anos contra defeito de fabricação'),
	(1258, 126, 9, '765Lm'),
	(1259, 126, 10, '13W'),
	(1260, 126, 14, 'Não'),
	(1261, 126, 15, '24º'),
	(1262, 126, 16, 'Sim'),
	(1263, 126, 17, 'Branco Quente 2700K'),
	(1264, 126, 20, 'Lampada de Led'),
	(1265, 126, 21, 'AR111'),
	(1266, 127, 2, 'Ø 7 x 6,1cm alt'),
	(1267, 127, 4, 'GU10'),
	(1268, 127, 6, 'Bivolt'),
	(1269, 127, 7, '02 (dois) anos contra defeito de fabricação'),
	(1270, 127, 9, '450Lm'),
	(1271, 127, 10, '8W'),
	(1272, 127, 14, 'Não'),
	(1273, 127, 15, '24º'),
	(1274, 127, 16, 'Sim'),
	(1275, 127, 17, 'Branco Quente 2700K'),
	(1276, 127, 18, 'Branco'),
	(1277, 127, 20, 'Lampada de Led'),
	(1278, 127, 21, 'AR70'),
	(1279, 128, 2, 'Ø5 x 6cm alt'),
	(1280, 128, 4, 'GU10'),
	(1281, 128, 6, 'Bivolt'),
	(1282, 128, 7, '02 (dois) anos contra defeito de fabricação'),
	(1283, 128, 9, '470Lm'),
	(1284, 128, 10, '7W'),
	(1285, 128, 14, 'Não'),
	(1286, 128, 15, '24º'),
	(1287, 128, 16, 'Sim'),
	(1288, 128, 17, 'Branco Quente 2700K'),
	(1289, 128, 18, 'Branco'),
	(1290, 128, 20, 'Lampada de Led'),
	(1291, 128, 21, 'Dicróica'),
	(1292, 129, 2, 'Ø5 x 5,6cm alt'),
	(1293, 129, 4, 'GU10'),
	(1294, 129, 6, 'Bivolt'),
	(1295, 129, 7, '02 (dois) anos contra defeito de fabricação'),
	(1296, 129, 9, '400Lm'),
	(1297, 129, 10, '4,8W'),
	(1298, 129, 14, 'Não'),
	(1299, 129, 15, '24º'),
	(1300, 129, 16, 'Sim'),
	(1301, 129, 17, 'Branco Frio 6500K'),
	(1302, 129, 18, 'Branco'),
	(1303, 129, 20, 'Lampada de Led'),
	(1304, 129, 21, 'Dicróica'),
	(1305, 130, 2, 'Ø5 x 5,6cm alt'),
	(1306, 130, 4, 'GU10'),
	(1307, 130, 6, 'Bivolt'),
	(1308, 130, 7, '02 (dois) anos contra defeito de fabricação'),
	(1309, 130, 9, '440Lm'),
	(1310, 130, 10, '7W'),
	(1311, 130, 14, 'Não'),
	(1312, 130, 15, '24º'),
	(1313, 130, 16, 'Sim'),
	(1314, 130, 17, 'Branco Quente 2700K'),
	(1315, 130, 18, 'Branco'),
	(1316, 130, 20, 'Lampada de Led'),
	(1317, 130, 21, 'Dicróica'),
	(1318, 131, 2, 'Ø13 x 8,9cm alt'),
	(1319, 131, 4, 'E-27 (bocal de rosca)'),
	(1320, 131, 6, 'Bivolt'),
	(1321, 131, 7, '02 (dois) anos contra defeito de fabricação'),
	(1322, 131, 9, '470Lm'),
	(1323, 131, 10, '7W'),
	(1324, 131, 14, 'Não'),
	(1325, 131, 15, '24º'),
	(1326, 131, 16, 'Sim'),
	(1327, 131, 17, 'Branco Quente 2700K'),
	(1328, 131, 18, 'Branco'),
	(1329, 131, 20, 'Lampada de Led'),
	(1330, 131, 21, 'PAR20 (IP54 USO INTERNO E EXTERNO)'),
	(1331, 132, 2, 'Ø13 x 8,9cm alt'),
	(1332, 132, 4, 'E-27 (bocal de rosca)'),
	(1333, 132, 6, 'Bivolt'),
	(1334, 132, 7, '02 (dois) anos contra defeito de fabricação'),
	(1335, 132, 9, '470Lm'),
	(1336, 132, 10, '7W'),
	(1337, 132, 14, 'Não'),
	(1338, 132, 15, '24º'),
	(1339, 132, 16, 'Sim'),
	(1340, 132, 17, 'Branco Frio 6500K'),
	(1341, 132, 18, 'Branco'),
	(1342, 132, 20, 'Lampada de Led'),
	(1343, 132, 21, 'PAR20 (IP54 USO INTERNO E EXTERNO)'),
	(1344, 133, 2, 'Ø13 x 8,9cm alt'),
	(1345, 133, 4, 'E-27 (bocal de rosca)'),
	(1346, 133, 6, 'Bivolt'),
	(1347, 133, 7, '02 (dois) anos contra defeito de fabricação'),
	(1348, 133, 9, '480lM'),
	(1349, 133, 10, '8w'),
	(1350, 133, 14, 'Sim'),
	(1351, 133, 15, '24º'),
	(1352, 133, 16, 'Sim'),
	(1353, 133, 17, 'Branco Quente 2700K'),
	(1354, 133, 18, 'Branco'),
	(1355, 133, 20, 'Lampada de Led'),
	(1356, 133, 21, 'PAR20 (IP54 USO INTERNO E EXTERNO)'),
	(1357, 134, 2, 'Ø9,1 x 9,5cm alt'),
	(1358, 134, 4, 'E-27 (bocal de rosca)'),
	(1359, 134, 6, 'Bivolt'),
	(1360, 134, 7, '02 (dois) anos contra defeito de fabricação'),
	(1361, 134, 9, '790Lm'),
	(1362, 134, 10, '10W'),
	(1363, 134, 14, 'Não'),
	(1364, 134, 15, '24º'),
	(1365, 134, 16, 'Sim'),
	(1366, 134, 17, 'Branco Frio 6500K'),
	(1367, 134, 18, 'Branco'),
	(1368, 134, 20, 'Lampada de Led'),
	(1369, 134, 21, 'PAR30 (IP54 USO INTERNO E EXTERNO)'),
	(1370, 135, 2, 'Ø9,1 x 9,5cm alt'),
	(1371, 135, 4, 'E-27 (bocal de rosca)'),
	(1372, 135, 6, 'Bivolt'),
	(1373, 135, 7, '02 (dois) anos contra defeito de fabricação'),
	(1374, 135, 9, '790Lm'),
	(1375, 135, 10, '10W'),
	(1376, 135, 14, 'Não'),
	(1377, 135, 15, '24º'),
	(1378, 135, 16, 'Sim'),
	(1379, 135, 17, 'Branco Frio 6500K'),
	(1380, 135, 18, 'Branco'),
	(1381, 135, 20, 'Lampada de Led'),
	(1382, 135, 21, 'PAR30 (IP54 USO INTERNO E EXTERNO)'),
	(1383, 136, 2, 'Ø6 x 11cm alt'),
	(1384, 136, 4, 'E-27 (bocal de rosca)'),
	(1385, 136, 6, 'Bivolt'),
	(1386, 136, 7, '02 (dois) anos contra defeito de fabricação'),
	(1387, 136, 9, '810Lm'),
	(1388, 136, 10, '9,5W'),
	(1389, 136, 14, 'Não'),
	(1390, 136, 15, '220º'),
	(1391, 136, 16, 'Sim'),
	(1392, 136, 17, 'Branco Quente 2700K'),
	(1393, 136, 18, 'Branco'),
	(1394, 136, 20, 'Lampada de Led'),
	(1395, 136, 21, 'Bulbo A60'),
	(1396, 137, 2, 'Ø6 x 11cm alt'),
	(1397, 137, 4, 'E-27 (bocal de rosca)'),
	(1398, 137, 6, 'Bivolt'),
	(1399, 137, 7, '02 (dois) anos contra defeito de fabricação'),
	(1400, 137, 9, '810Lm'),
	(1401, 137, 10, '9,5W'),
	(1402, 137, 14, 'Não'),
	(1403, 137, 15, '220º'),
	(1404, 137, 16, 'Sim'),
	(1405, 137, 17, 'Branco Frio 6500K'),
	(1406, 137, 18, 'Branco'),
	(1407, 137, 20, 'Lampada de Led'),
	(1408, 137, 21, 'Bulbo A60'),
	(1409, 138, 2, 'Ø3,5 x 10,4cm alt'),
	(1410, 138, 4, 'E-14 (bocal de rosca mais fino)'),
	(1411, 138, 6, 'Bivolt'),
	(1412, 138, 7, '02 (dois) anos contra defeito de fabricação'),
	(1413, 138, 9, '400Lm'),
	(1414, 138, 10, '5W'),
	(1415, 138, 14, 'Não'),
	(1416, 138, 15, '140º'),
	(1417, 138, 16, 'Sim'),
	(1418, 138, 17, 'Branco Quente 2700K'),
	(1419, 138, 18, 'Branco'),
	(1420, 138, 20, 'Lampada de Led'),
	(1421, 138, 21, 'Vela E-14'),
	(1422, 139, 1, 'Arandela'),
	(1423, 139, 2, '10 x 18 x 10cm'),
	(1424, 139, 3, '01 (uma)'),
	(1425, 139, 4, 'R7 Longo'),
	(1426, 139, 5, 'R7 Halogena Palito 300W ou LED R7'),
	(1427, 139, 6, 'N/T'),
	(1428, 139, 7, '01 (um) ano contra defeito de fabricação'),
	(1429, 139, 18, 'Branco'),
	(1430, 140, 1, 'Arandela'),
	(1431, 140, 2, '10 x 16 x 10cm'),
	(1432, 140, 3, '01 (uma)'),
	(1433, 140, 4, 'R7 Halogena ou Led'),
	(1434, 140, 5, 'R7 Halogena Palito ou Led'),
	(1435, 140, 6, 'N/T'),
	(1436, 140, 7, '01 (um) ano contra defeito de fabricação'),
	(1437, 140, 18, 'Branco'),
	(1438, 140, 19, 'Alumínio e Vidro'),
	(1439, 141, 1, 'Arandela'),
	(1440, 141, 2, '10 x 16 x 10cm'),
	(1441, 141, 3, '01 (uma)'),
	(1442, 141, 4, 'R7 Halogena ou Led'),
	(1443, 141, 5, 'R7 Halogena Palito ou Led'),
	(1444, 141, 6, 'N/T'),
	(1445, 141, 7, '01 (um) ano contra defeito de fabricação'),
	(1446, 141, 18, 'Branco'),
	(1447, 141, 19, 'Alumínio e Vidro'),
	(1448, 142, 1, 'Arandela'),
	(1449, 142, 2, '10 x 18 x 10cm'),
	(1450, 142, 3, '01 (uma)'),
	(1451, 142, 4, 'R7 Halogena ou Led'),
	(1452, 142, 5, 'R7 Halogena Palito ou Led'),
	(1453, 142, 6, 'N/T'),
	(1454, 142, 7, '01 (um) ano contra defeito de fabricação'),
	(1455, 142, 18, 'Branco'),
	(1456, 142, 19, 'Alumínio e Vidro'),
	(1457, 143, 1, 'Arandela'),
	(1458, 143, 2, '11 x 18 x 13cm'),
	(1459, 143, 3, '01 (uma)'),
	(1460, 143, 4, 'R7 Halogena ou Led'),
	(1461, 143, 5, 'R7 Halogena Palito ou Led'),
	(1462, 143, 6, 'N/T'),
	(1463, 143, 7, '01 (um) ano contra defeito de fabricação'),
	(1464, 143, 18, 'Branco'),
	(1465, 143, 19, 'Alumínio e Vidro'),
	(1466, 144, 1, 'Arandela'),
	(1467, 144, 2, '5 x 5 x 10cm'),
	(1468, 144, 3, '01 (uma)'),
	(1469, 144, 4, 'R7 Halogena ou Led'),
	(1470, 144, 5, 'R7 Halogena Palito ou Led'),
	(1471, 144, 6, 'N/T'),
	(1472, 144, 7, '01 (um) ano contra defeito de fabricação'),
	(1473, 144, 18, 'Branco'),
	(1474, 144, 19, 'Alumínio e Vidro'),
	(1475, 145, 1, 'Arandela Quadrada'),
	(1476, 145, 2, '10 x 10 x 10cm'),
	(1477, 145, 3, '01 (uma)'),
	(1478, 145, 4, 'G9 (bipino)'),
	(1479, 145, 5, 'G9 Halogena ou Led'),
	(1480, 145, 6, 'N/T'),
	(1481, 145, 7, '01 (um) ano contra defeito de fabricação'),
	(1482, 145, 18, 'Branco'),
	(1483, 145, 19, 'Alumínio e Vidro'),
	(1484, 146, 1, 'Arandela Quadrada'),
	(1485, 146, 2, '10 x 10 x 10cm'),
	(1486, 146, 3, '01 (uma)'),
	(1487, 146, 4, 'G9 (bipino)'),
	(1488, 146, 5, 'G9 Halogena ou Led'),
	(1489, 146, 6, 'N/T'),
	(1490, 146, 7, '01 (um) ano contra defeito de fabricação'),
	(1491, 146, 18, 'Branco'),
	(1492, 146, 19, 'Alumínio e Vidro'),
	(1493, 147, 1, 'Arandela'),
	(1494, 147, 2, '13 x 18 x 10cm'),
	(1495, 147, 3, '01 (uma)'),
	(1496, 147, 4, 'E-27 (bocal de rosca)'),
	(1497, 147, 5, 'Econômica ou Bulbo Led'),
	(1498, 147, 6, 'N/T'),
	(1499, 147, 7, '01 (um) ano contra defeito de fabricação'),
	(1500, 147, 18, 'Branco'),
	(1501, 147, 19, 'Alumínio e Vidro'),
	(1502, 148, 1, 'Plafon de Sobrepor'),
	(1503, 148, 2, '55 x 55 x 6cm'),
	(1504, 148, 3, '02 (duas)'),
	(1505, 148, 4, 'R7 Halogena ou Led'),
	(1506, 148, 5, 'R7 Halogena Palito ou Led'),
	(1507, 148, 6, 'N/T'),
	(1508, 148, 7, '01 (um) ano contra defeito de fabricação'),
	(1509, 148, 18, 'Branco'),
	(1510, 148, 19, 'Alumínio e Vidro'),
	(1511, 149, 1, 'Plafon de Sobrepor'),
	(1512, 149, 2, '45 x 45 x 6cm'),
	(1513, 149, 3, '04 (quatro)'),
	(1514, 149, 4, 'E-27 (bocal de rosca)'),
	(1515, 149, 5, 'Econômica ou Bulbo Led'),
	(1516, 149, 6, 'N/T'),
	(1517, 149, 7, '01 (um) ano contra defeito de fabricação'),
	(1518, 149, 18, 'Branco'),
	(1519, 149, 19, 'Alumínio'),
	(1520, 87, 11, 'CLICK UTILIZA UM ARO DE FIXAÇÃO (NÃO UTILIZA PRESILHAS DE PRESSÃO) '),
	(1521, 95, 23, 'USO INTERNO OU EXTERNO (IP67)'),
	(1522, 150, 1, 'Plafon de Sobrepor'),
	(1523, 150, 2, '65 x 65 x 43cm'),
	(1524, 150, 3, '16'),
	(1525, 150, 4, 'G9 (bipino)'),
	(1526, 150, 5, 'G9 Incandescente ou Led'),
	(1527, 150, 6, 'N/T'),
	(1528, 150, 7, '1 ano contra defeitos de fabricação'),
	(1529, 150, 19, 'Metal e Cristal'),
	(1530, 151, 2, '137 x 37cm'),
	(1531, 151, 3, '02 (não inclusas)'),
	(1532, 151, 4, 'E-27 (bocal de rosca padrão)'),
	(1533, 151, 5, 'Econômica ou LED'),
	(1534, 151, 6, '110V'),
	(1535, 151, 7, '10 (DEZ) ANOS NO MOTOR COMENTE VÁLIDA PARA OS VENTILADORES QUE FOREM INSTALADOS COM PROFISSIONAIS REFERENCIADOS PELA HUNTER FAN NO SITE WWW.HUNTERFAN.COM.BR; 03 (TRES) ANOS PARA AS DEMAIS PEÇAS CONTRA DEFEITO DE FABRICAÇÃO. (CONSULTE O TERMO DE GARANTIA QUE ACOMPANHA O MANUAL DO PRODUTO)'),
	(1536, 151, 19, 'Alumínio, Aço e Vime'),
	(1537, 151, 24, 'Ventilador 5 Pás'),
	(1538, 152, 2, '137 x 37cm'),
	(1539, 152, 3, '02 (não inclusas)'),
	(1540, 152, 4, 'E-27 (bocal de rosca padrão)'),
	(1541, 152, 5, 'Econômica ou LED'),
	(1542, 152, 6, '110V'),
	(1543, 152, 7, '10 (DEZ) ANOS NO MOTOR COMENTE VÁLIDA PARA OS VENTILADORES QUE FOREM INSTALADOS COM PROFISSIONAIS REFERENCIADOS PELA HUNTER FAN NO SITE WWW.HUNTERFAN.COM.BR; 03 (TRES) ANOS PARA AS DEMAIS PEÇAS CONTRA DEFEITO DE FABRICAÇÃO. (CONSULTE O TERMO DE GARANTIA QUE ACOMPANHA O MANUAL DO PRODUTO)'),
	(1544, 152, 19, 'Alumínio, Aço e Vime Natural'),
	(1545, 152, 24, 'Ventilador 5 Pás'),
	(1546, 153, 2, '137 x 37cm'),
	(1547, 153, 3, '02 (não inclusas)'),
	(1548, 153, 4, 'E-27 (bocal de rosca padrão)'),
	(1549, 153, 5, 'Econômica ou LED'),
	(1550, 153, 6, '220V'),
	(1551, 153, 7, 'GARANTIA: 10 (DEZ) ANOS NO MOTOR COMENTE VÁLIDA PARA OS VENTILADORES QUE FOREM INSTALADOS COM PROFISSIONAIS REFERENCIADOS PELA HUNTER FAN NO SITE WWW.HUNTERFAN.COM.BR; 03 (TRES) ANOS PARA AS DEMAIS PEÇAS CONTRA DEFEITO DE FABRICAÇÃO. (CONSULTE O TERMO DE GARANTIA QUE ACOMPANHA O MANUAL DO PRODUTO)'),
	(1552, 153, 18, 'MARROM ESCURO'),
	(1553, 153, 19, 'Alumínio, Aço e Vime Natural'),
	(1554, 153, 24, 'Ventilador 5 Pás'),
	(1555, 151, 18, 'MARROM ESCURO'),
	(1556, 152, 18, 'BRANCO TEXTURIZADO'),
	(1557, 154, 2, '137 x 37cm'),
	(1558, 154, 3, '02 (não inclusas)'),
	(1559, 154, 4, 'E-27 (bocal de rosca padrão)'),
	(1560, 154, 5, 'Econômica ou LED'),
	(1561, 154, 6, '220V'),
	(1562, 154, 7, '10 (DEZ) ANOS NO MOTOR COMENTE VÁLIDA PARA OS VENTILADORES QUE FOREM INSTALADOS COM PROFISSIONAIS REFERENCIADOS PELA HUNTER FAN NO SITE WWW.HUNTERFAN.COM.BR; 03 (TRES) ANOS PARA AS DEMAIS PEÇAS CONTRA DEFEITO DE FABRICAÇÃO. (CONSULTE O TERMO DE GARANTIA QUE ACOMPANHA O MANUAL DO PRODUTO)'),
	(1563, 154, 18, 'BRANCO TEXTURIZADO'),
	(1564, 154, 19, 'Alumínio, Aço e Vime Natural'),
	(1565, 154, 24, 'Ventilador 5 Pás'),
	(1566, 155, 1, 'Embutido de Solo de LED'),
	(1567, 155, 2, '13,8 cm altura x Ø 10,5cm'),
	(1568, 155, 3, 'Não Possui'),
	(1569, 155, 4, 'Não Possui'),
	(1570, 155, 5, 'Não Possui ( circuito de LED integrado já incluso)'),
	(1571, 155, 6, 'BIVOLT'),
	(1572, 155, 7, '02 (dois) anos contra defeitos de fabricação'),
	(1573, 155, 8, 'Branco Quente (2700K)'),
	(1574, 155, 9, '470lm'),
	(1575, 155, 10, '08 Watts'),
	(1576, 155, 12, 'Não Possui'),
	(1577, 155, 18, 'Inox'),
	(1578, 155, 19, 'Termoplástico e Aro Externo em Aço'),
	(1579, 156, 1, 'Espeto de Led'),
	(1580, 156, 2, '27,5cm de altura x 9,8 cm de largura x Ø 6,3cm '),
	(1581, 156, 3, 'Não possui'),
	(1582, 156, 4, 'Não possui'),
	(1583, 156, 5, 'Não possui (Circuito de LED integrado já incluso)'),
	(1584, 156, 6, 'Bivolt'),
	(1585, 156, 7, '02 (DOIS) anos contra defeito de fabricação.'),
	(1586, 156, 8, 'Branco Quente (2700k)'),
	(1587, 156, 9, '470lm'),
	(1588, 156, 10, '07 Watts'),
	(1589, 156, 12, 'Não possui'),
	(1590, 156, 18, 'Preto'),
	(1591, 156, 19, 'Termoplástico'),
	(1592, 156, 23, 'Ambiente externo. (IP65)'),
	(1593, 155, 23, 'Ambiente externo. (IP67)'),
	(1594, 95, 8, 'Branco Quente 3000k'),
	(1595, 157, 1, 'Spot de embutir para móveis'),
	(1596, 157, 2, 'Ø 07cm x 1,1cm '),
	(1597, 157, 3, 'Não possui'),
	(1598, 157, 4, 'Não possui'),
	(1599, 157, 5, 'Não possui (circuito de led integrado)'),
	(1600, 157, 6, 'Bivolt'),
	(1601, 157, 7, '2 (dois) anos contra defeito de fabricação'),
	(1602, 157, 8, 'Branco quente 3000K'),
	(1603, 157, 9, '120lm'),
	(1604, 157, 10, '2w'),
	(1605, 157, 11, 'Mola de pressão'),
	(1606, 157, 12, 'Driver incluso'),
	(1607, 157, 18, 'Branco'),
	(1608, 157, 19, 'Aluminio'),
	(1609, 158, 1, 'Pendente'),
	(1610, 158, 2, '19cm largura x 40cm altura'),
	(1611, 158, 3, '01 (uma)'),
	(1612, 158, 4, 'E-27 (Bocal de rosca)'),
	(1613, 158, 5, 'Econômica (até 20w) ou Bulbo de led'),
	(1614, 158, 7, '01 (um) ano contra defeito de fabricação'),
	(1615, 158, 13, '1,10cm cabo ajustável'),
	(1616, 158, 18, 'Preto fosco (externo) e dourado (interno)'),
	(1617, 158, 19, 'Aluminio'),
	(1618, 158, 23, 'Sala, sala de jantar, área gourmet'),
	(1619, 159, 1, 'Pendente'),
	(1620, 159, 2, '35cm largura x 18cm altura'),
	(1621, 159, 3, '01 (uma)'),
	(1622, 159, 4, 'E-27 (Bocal de rosca)'),
	(1623, 159, 5, 'Econômica (até 20w) ou Bulbo de led'),
	(1624, 159, 7, '01 (um) ano contra defeito de fabricação'),
	(1625, 159, 13, '1,10cm cabo ajustável'),
	(1626, 159, 18, 'Preto fosco (externo) e dourado (acabamento interno)'),
	(1627, 159, 19, 'Aluminio'),
	(1628, 159, 23, 'Sala, sala de jantar, área gourmet'),
	(1629, 160, 1, 'Pendente'),
	(1630, 160, 2, '25cm largura x 33cm altura'),
	(1631, 160, 3, '01 (uma)'),
	(1632, 160, 4, 'E-27 (Bocal de rosca)'),
	(1633, 160, 5, 'Econômica (até 20w) ou Bulbo de led'),
	(1634, 160, 7, '01 (um) ano contra defeito de fabricação'),
	(1635, 160, 13, '1,10cm cabo ajustável'),
	(1636, 160, 18, 'Preto fosco (externo) e dourado (acabamento interno)'),
	(1637, 160, 19, 'Aluminio'),
	(1638, 160, 23, 'Sala, sala de jantar, área gourmet'),
	(1639, 161, 1, 'Pendente'),
	(1640, 161, 2, ' Ø28cmxH30cm '),
	(1641, 161, 3, '01 (uma)'),
	(1642, 161, 4, 'E-27 (Bocal de rosca)'),
	(1643, 161, 5, 'Bulbo de led ou filamento de led (vintage)'),
	(1644, 161, 7, '01 (um) ano contra defeito de fabricação'),
	(1645, 161, 13, '1,10cm cabo ajustável'),
	(1646, 161, 18, 'Cobre'),
	(1647, 161, 23, 'Sala, sala de jantar, área gourmet (ambientes internos)'),
	(1648, 162, 2, 'SPOT DE EMBUTIR ORIENTÁVEL COM FOCO RECUADO'),
	(1649, 162, 3, '4'),
	(1650, 162, 4, 'GU-10 (PADRÃO ATUAL AR-111 LED)  CASO QUEIRA UTILIZAR LAMPADAS CONVENCIONAIS CONSULTAR BOCAL BA15D'),
	(1651, 162, 5, 'AR-111 GU-10'),
	(1652, 162, 6, 'N/T'),
	(1653, 162, 7, '01 (UM) ANO CONTRA DEFEITOS DE FABRICAÇÃO'),
	(1654, 162, 11, 'POR PRESILHA DE PRESSÃO'),
	(1655, 162, 19, 'ALUMINIO'),
	(1656, 165, 1, 'Arandela com focos Articuláveis'),
	(1657, 165, 2, '10cm alt x 10cm larg x 9,5cm prof.'),
	(1658, 165, 3, 'Circuito de LED integrado '),
	(1659, 165, 4, 'Não possui'),
	(1660, 165, 5, 'Não possui'),
	(1661, 165, 6, 'Bivolt'),
	(1662, 165, 7, 'Fabricante 5 (cinco) anos Contra defeitos de Fabricação'),
	(1663, 165, 8, 'Branco Quente 3000k'),
	(1664, 165, 9, '500lm'),
	(1665, 165, 10, '5'),
	(1666, 165, 11, 'Bucha e Parafuso (acompanham o produto)'),
	(1667, 165, 12, 'Não Possui'),
	(1668, 165, 14, 'Não'),
	(1669, 165, 15, 'Articulável de 10º à 100º '),
	(1670, 165, 17, 'Branca'),
	(1671, 165, 19, 'Aluminio'),
	(1672, 165, 21, '4106-S-BM'),
	(1673, 165, 22, '5watts'),
	(1674, 165, 23, 'Externa ou Interna'),
	(1675, 166, 1, 'Arandela com focos Articuláveis'),
	(1676, 166, 2, '10cm alt x 10xcm larg x 9,5 prof.'),
	(1677, 166, 3, 'Circuito de LED integrado '),
	(1678, 166, 4, 'Não possui'),
	(1679, 166, 5, 'Não possui'),
	(1680, 166, 6, 'Bivolt'),
	(1681, 166, 7, 'Fabricante 5 (cinco) anos Contra defeitos de Fabricação'),
	(1682, 166, 8, 'Branco Quente 3000k'),
	(1683, 166, 9, '500lm'),
	(1684, 166, 10, '5'),
	(1685, 166, 11, 'Bucha e Parafuso (acompanham o produto)'),
	(1686, 166, 12, 'Não Possui'),
	(1687, 166, 14, 'Não'),
	(1688, 166, 15, 'Articulável de 10º à 100º '),
	(1689, 166, 17, 'PRETO'),
	(1690, 166, 19, 'Aluminio'),
	(1691, 166, 20, 'Não Possui'),
	(1692, 166, 21, '4106-S-PM'),
	(1693, 166, 22, '5watts'),
	(1694, 166, 23, 'Externa ou Interna IP65'),
	(1695, 155, 14, 'Não'),
	(1696, 155, 20, 'Não Possui'),
	(1697, 155, 21, 'SE3351236'),
	(1698, 155, 22, '7watts');
/*!40000 ALTER TABLE `products_options` ENABLE KEYS */;

-- Copiando estrutura para tabela ecommerce.purchases
CREATE TABLE IF NOT EXISTS `purchases` (
  `id` int(11) unsigned NOT NULL AUTO_INCREMENT,
  `id_user` int(11) NOT NULL,
  `cpf` varchar(14) DEFAULT NULL,
  `id_coupon` int(11) DEFAULT NULL,
  `total_amount` float NOT NULL,
  `payment_type` varchar(100) DEFAULT NULL,
  `payment_status` int(11) NOT NULL,
  `shipping_code` varchar(50) DEFAULT NULL,
  `shipping_address` varchar(200) DEFAULT NULL,
  `shipping_type` varchar(200) DEFAULT NULL,
  `purchase_date` timestamp NULL DEFAULT NULL ON UPDATE CURRENT_TIMESTAMP,
  `purchase_shipping` timestamp NULL DEFAULT NULL,
  PRIMARY KEY (`id`)
) ENGINE=InnoDB AUTO_INCREMENT=58 DEFAULT CHARSET=utf8;

-- Copiando dados para a tabela ecommerce.purchases: ~32 rows (aproximadamente)
/*!40000 ALTER TABLE `purchases` DISABLE KEYS */;
INSERT INTO `purchases` (`id`, `id_user`, `cpf`, `id_coupon`, `total_amount`, `payment_type`, `payment_status`, `shipping_code`, `shipping_address`, `shipping_type`, `purchase_date`, `purchase_shipping`) VALUES
	(1, 3, NULL, NULL, 133.29, 'CARTÃO DE CRÉDITO', 1, 'PM179595672BR', 'av carlos gomes, 111 - 1301 - CEP : 90480-003 - Bairro: auxiliadora - PORTO ALEGRE - RS', 'PAC', NULL, '2018-04-18 09:25:44'),
	(6, 6, '36798830803', NULL, 777.9, 'CARTÃO DE CRÉDITO', 1, 'DY492339535BR', 'Avenida Nicolino Raia, 593 -  - CEP : 14807081 - Bairro: Vila Suconasa - Araraquara - SP', 'Sedex', NULL, '2018-06-26 15:48:04'),
	(18, 8, '13555560824', NULL, 139.63, 'CARTÃO DE CRÉDITO', 1, NULL, 'rua paraguai, 64 - AP o - CEP : 01408040 - Bairro: jardim paulista  - sao paulo - SP', 'Sedex', NULL, NULL),
	(24, 10, '26897072842', NULL, 88.19, 'CARTÃO DE CRÉDITO', 3, NULL, 'Rua Adão Blassioli, 50 -  - CEP : 17209600 - Bairro: Jardim Santa Rosa  - Jau - SP', 'PAC', NULL, '2018-06-16 16:22:05'),
	(25, 11, '268.970.728-42', NULL, 134.56, 'CARTÃO DE CRÉDITO', 1, NULL, 'RUA TENENTE LOPES, 210,  - RUA TENENTE LOPES, 210 - CEP : 17201-460 - Bairro:  - JAU - SP', 'PAC', NULL, NULL),
	(26, 10, '26897072842', NULL, 134.56, 'CARTÃO DE CRÉDITO', 1, NULL, 'RUA TENENTE LOPES, 210,  - RUA TENENTE LOPES, 210 - CEP : 17201-460 - Bairro:  - JAU - SP', 'PAC', NULL, NULL),
	(27, 12, '10584745885', NULL, 1114.5, 'CARTÃO DE CRÉDITO', 3, 'RTE 19283259', 'rua aurora frota de souza, 416 -  - CEP : 13403844 - Bairro: terras de piracicaba I - piracicaba - SP', 'Sedex', NULL, '2018-07-19 11:04:24'),
	(28, 13, '599.878.127-91', NULL, 353.85, 'CARTÃO DE CRÉDITO', 3, 'PM179775060BR', 'Rua Oscar Freire, 1085 - 162 - CEP : 01426-003 - Bairro: Cerqeuira Cesar - SÃO PAULO - SP', 'PAC', NULL, '2018-08-27 15:28:30'),
	(29, 15, '010.933.115-09', NULL, 638.55, 'CARTÃO DE CRÉDITO', 1, NULL, 'Av. Rod. dos Naufragos, 8750 - cond. Morada do Rio - CEP : 49004003 - Bairro: Robalo(Mosqueiro) - Aracaju - SE', 'PAC', NULL, NULL),
	(30, 16, '21036079880', NULL, 347.4, 'BOLETO', 3, 'DY195194770BR', 'RUA DEZ DE SETEMBRO, 167 - AP.92 - CEP : 13010215 - Bairro: CENTRO - CAMPINAS - SP', 'Sedex', NULL, '2018-09-20 16:36:04'),
	(31, 19, '00626720109', NULL, 118.33, 'BOLETO', 1, NULL, 'Rua Santo Antonio, 1794 - Escritorio Contabil - CEP : 79750000 - Bairro: Centro - Nova Andradina - MS', 'PAC', NULL, NULL),
	(32, 19, '00626720109', NULL, 118.33, 'BOLETO', 1, NULL, 'Rua Santo Antonio, 1794 - Escritorio contabil - CEP : 79750-000 - Bairro: Centro - Nova Andradina - MS', 'PAC', NULL, NULL),
	(33, 21, '10694085812', NULL, 504.7, 'BOLETO', 3, NULL, 'Rua Rita Joana de Sousa, 521, 521 - Rua Demóstenes - CEP : 04601-061 - Bairro: Brooklin - São Paulo - SP', 'PAC', NULL, '2018-11-26 09:18:07'),
	(34, 22, '26296353847', NULL, 234.43, 'CARTÃO DE CRÉDITO', 1, NULL, 'Rua Serra da Pacaraima , 125 - Condominio Terra Magna - CEP : 13332758 - Bairro: Jd Imirim - Indaiatuba - SP', 'PAC', NULL, NULL),
	(35, 22, '26296353847', NULL, 234.43, 'CARTÃO DE CRÉDITO', 1, NULL, 'Rua Serra da Pacaraima , 125 - Condominio Terra Magna - CEP : 13332758 - Bairro: Jd Imirim - Indaiatuba - SP', 'PAC', NULL, NULL),
	(36, 23, '570.493.357-20', NULL, 279.09, 'BOLETO', 1, NULL, 'Rua Tenente Coronel Cardoso, 213, 213 - Travessa Osvaldo Vasconcelos Luna casa 05 - CEP : 28010801 - Bairro: Centro - Campos dos Goytacazes - RJ', 'PAC', NULL, NULL),
	(37, 25, '01248622685', NULL, 614.3, 'BOLETO', 3, 'PM170083781BR', 'Paulo Piedade Campos, 15 - Apartamento 1001, Torre 1 - CEP : 30494-060 - Bairro: Estoril - Belo Horizonte - MG', 'PAC', NULL, '2018-12-12 09:52:01'),
	(43, 24, '219.585.468-52', NULL, 233.58, 'CARTÃO DE CRÉDITO', 1, NULL, 'Alameda Josephina Brussolo Girotto, 601 - Condomínio Villarino casa 418 - CEP : 14094169 - Bairro: Pq Lagos - RIBEIRAO PRETO - SP', 'Sedex', NULL, NULL),
	(44, 24, '219.585.468-52', NULL, 233.58, 'CARTÃO DE CRÉDITO', 3, 'DZ015710205BR', 'Alameda Josephina Brussolo Girotto , 601 - Condominio Villarino casa 418 - CEP : 14094169 - Bairro: Pq Lagos - Ribeirao Preto - SP', 'Sedex', NULL, '2018-12-10 14:48:59'),
	(45, 26, '50602420997', NULL, 889.37, 'BOLETO', 3, 'PM170083795BR', 'Rua José Bonifácio, 185 - Apto 703 - CEP : 88802-140 - Bairro: Centro - Criciúma - SC', 'PAC', NULL, '2018-12-12 09:53:16'),
	(46, 27, '033.383.720-78', NULL, 508.3, 'BOLETO', 3, 'PM179827249BR', 'PINHEIRO MACHADO, 1709 - CASA - CEP : 95340000 - Bairro: CENTRO - NOVA BASSANO - RS', 'PAC', NULL, '2019-01-03 13:07:03'),
	(47, 28, '28777303873', NULL, 105.06, 'CARTÃO DE CRÉDITO', 3, 'PM170087664BR', 'Octavio Teixeira Mendes Sobrinho, 35 - Octavio Teixeira Mendes Sobrinho - CEP : 04376070 - Bairro: Vila Santa Catarina - SÃO PAULO - SP', 'PAC', NULL, '2019-01-21 09:30:02'),
	(48, 29, '35249247865', NULL, 513.3, 'BOLETO', 3, NULL, 'Rua Benjamin Anderson Stauffer , 777 - Apto 2601 Torre Botanique - CEP : 14021-617 - Bairro: Jardim Botânico - Ribeirão Preto - SP', 'Sedex', NULL, '2019-02-11 18:03:14'),
	(49, 30, '52540375987', NULL, 610.68, 'CARTÃO DE CRÉDITO', 3, NULL, 'Rua Almirante Tamandaré, 1755 - ap 62 - CEP : 80040-110 - Bairro: Juvevê - Curitiba - PR', 'Transportadora', NULL, '2019-02-13 10:26:18'),
	(50, 31, '00680551026', NULL, 1063.68, 'BOLETO', 3, NULL, 'avenida presidente franklin roosevelt, 1381 -  - CEP : 90230002 - Bairro: são geraldo  - Porto Alegre - RS', 'Transportadora', NULL, '2019-03-04 10:40:51'),
	(51, 33, '31854238876', NULL, 509.2, 'BOLETO', 3, 'PM415057841BR', 'Rua Coronel Deraldo Jordão, 214 - ap. 193 - CEP : 04125030 - Bairro: Vila Firmiano Pinto - São Paulo - SP', 'PAC', NULL, '2019-04-04 10:57:48'),
	(52, 34, '06005778480', NULL, 1932.82, 'BOLETO', 3, NULL, 'Rua Álvaro Gomes Feitosa, 38 - Próximo a Igreja Advenstista - CEP : 55460000 - Bairro: Centro - Cupira - PE', 'PAC', NULL, '2019-03-28 20:38:09'),
	(53, 36, '05660761607', NULL, 1659.49, 'BOLETO', 7, NULL, 'Rua padre Cícero , 49 - Casa do cigarro  - CEP : 39442012 - Bairro: Centro  - Janauba  - MG', 'PAC', NULL, '2019-04-18 08:12:47'),
	(54, 36, '05660761607', NULL, 1827.59, 'CARTÃO DE CRÉDITO', 1, NULL, 'Rua padre Cícero , 49 - Casa do cigarro  - CEP : 39442012 - Bairro: Centro  - Janauba  - MG', 'PAC', NULL, NULL),
	(55, 36, '05660761607', NULL, 1827.59, 'CARTÃO DE CRÉDITO', 1, NULL, 'Rua padre Cícero , 49 - Casa do cigarro  - CEP : 39442012 - Bairro: Centro  - Janauba  - MG', 'PAC', NULL, NULL),
	(56, 35, '74739190320', NULL, 193.47, 'CARTÃO DE CRÉDITO', 3, 'PM441503445BR', 'Rua 03 chácara 81 quadra 01 lote , 17 -  - CEP : 72005750 - Bairro: Setor Habitacional Vicente Pires - Brasilia - DF', 'PAC', NULL, '2019-04-10 12:07:45'),
	(57, 37, '07645421762', NULL, 530.55, 'CARTÃO DE CRÉDITO', 3, 'PM441501585BR', 'Rua Anita Garibaldi, 83 - 401 - CEP : 22041080 - Bairro: Copacabana - Rio de Janeiro - RJ', 'PAC', '2019-04-22 10:53:04', '2019-04-22 08:49:51');
/*!40000 ALTER TABLE `purchases` ENABLE KEYS */;

-- Copiando estrutura para tabela ecommerce.purchases_products
CREATE TABLE IF NOT EXISTS `purchases_products` (
  `id` int(11) unsigned NOT NULL AUTO_INCREMENT,
  `id_purchase` int(11) NOT NULL,
  `id_product` int(11) NOT NULL,
  `quantity` int(11) NOT NULL,
  `product_price` float DEFAULT NULL,
  PRIMARY KEY (`id`)
) ENGINE=InnoDB AUTO_INCREMENT=83 DEFAULT CHARSET=utf8;

-- Copiando dados para a tabela ecommerce.purchases_products: ~0 rows (aproximadamente)
/*!40000 ALTER TABLE `purchases_products` DISABLE KEYS */;
INSERT INTO `purchases_products` (`id`, `id_purchase`, `id_product`, `quantity`, `product_price`) VALUES
	(1, 1, 43, 1, 108.9),
	(2, 2, 43, 1, 108.9),
	(3, 3, 28, 1, 26.96),
	(4, 2, 147, 12, 78.47),
	(5, 2, 22, 1, 63.34),
	(6, 3, 162, 4, 211.4),
	(7, 3, 78, 3, 29.14),
	(8, 4, 162, 4, 211.4),
	(9, 4, 78, 3, 29.14),
	(10, 5, 162, 4, 211.4),
	(11, 5, 78, 4, 29.14),
	(12, 6, 78, 11, 29.14),
	(13, 6, 162, 2, 211.4),
	(14, 7, 78, 11, 29.14),
	(15, 7, 162, 2, 211.4),
	(16, 8, 78, 11, 29.14),
	(17, 8, 162, 2, 211.4),
	(18, 9, 78, 11, 29.14),
	(19, 9, 162, 2, 211.4),
	(20, 10, 78, 11, 29.14),
	(21, 10, 162, 2, 211.4),
	(22, 11, 78, 11, 29.14),
	(23, 11, 162, 2, 211.4),
	(24, 12, 78, 11, 29.14),
	(25, 12, 162, 2, 211.4),
	(26, 13, 78, 11, 29.14),
	(27, 13, 162, 2, 211.4),
	(28, 14, 78, 11, 29.14),
	(29, 14, 162, 2, 211.4),
	(30, 15, 78, 11, 29.14),
	(31, 15, 162, 2, 211.4),
	(32, 16, 78, 11, 29.14),
	(33, 16, 162, 2, 211.4),
	(34, 17, 78, 11, 29.14),
	(35, 17, 162, 2, 211.4),
	(36, 18, 92, 6, 18.88),
	(37, 19, 92, 6, 18.88),
	(38, 20, 92, 6, 18.88),
	(39, 21, 92, 6, 18.88),
	(40, 22, 78, 6, 29.14),
	(41, 23, 75, 4, 35.59),
	(42, 24, 74, 2, 35.06),
	(43, 25, 99, 5, 22.82),
	(44, 26, 99, 5, 22.82),
	(45, 27, 8, 1, 918.84),
	(46, 27, 60, 1, 150.21),
	(47, 27, 128, 2, 17.51),
	(48, 27, 136, 1, 10.43),
	(49, 28, 14, 2, 158.21),
	(50, 29, 23, 6, 82.96),
	(51, 30, 81, 2, 157.19),
	(52, 31, 89, 4, 22.94),
	(53, 32, 89, 4, 22.94),
	(54, 33, 84, 1, 451.07),
	(55, 34, 95, 2, 105.12),
	(56, 35, 95, 2, 105.12),
	(57, 36, 24, 2, 54.81),
	(58, 36, 27, 1, 64.95),
	(59, 36, 18, 1, 56.29),
	(60, 37, 83, 1, 451.07),
	(61, 38, 46, 1, 203.21),
	(62, 39, 46, 1, 203.21),
	(63, 40, 46, 1, 203.21),
	(64, 41, 46, 1, 203.21),
	(65, 42, 46, 1, 203.21),
	(66, 43, 46, 1, 203.21),
	(67, 44, 46, 1, 203.21),
	(68, 45, 96, 50, 10.94),
	(69, 45, 114, 1, 253.25),
	(70, 46, 69, 1, 283.53),
	(71, 46, 4, 1, 139.7),
	(72, 47, 146, 1, 83.15),
	(73, 48, 155, 5, 95.41),
	(74, 49, 68, 1, 425.72),
	(75, 50, 69, 3, 283.53),
	(76, 51, 84, 1, 451.07),
	(77, 52, 95, 26, 69.22),
	(78, 53, 151, 1, 1512.82),
	(79, 54, 151, 1, 1680.92),
	(80, 55, 151, 1, 1680.92),
	(81, 56, 14, 1, 158.21),
	(82, 57, 74, 12, 36.33);
/*!40000 ALTER TABLE `purchases_products` ENABLE KEYS */;

-- Copiando estrutura para tabela ecommerce.purchase_transactions
CREATE TABLE IF NOT EXISTS `purchase_transactions` (
  `id` int(11) unsigned NOT NULL AUTO_INCREMENT,
  `id_purchase` int(11) NOT NULL,
  `amount` float NOT NULL,
  `transaction_code` int(11) DEFAULT NULL,
  PRIMARY KEY (`id`)
) ENGINE=InnoDB DEFAULT CHARSET=utf8;

-- Copiando dados para a tabela ecommerce.purchase_transactions: ~0 rows (aproximadamente)
/*!40000 ALTER TABLE `purchase_transactions` DISABLE KEYS */;
/*!40000 ALTER TABLE `purchase_transactions` ENABLE KEYS */;

-- Copiando estrutura para tabela ecommerce.rates
CREATE TABLE IF NOT EXISTS `rates` (
  `id` int(11) unsigned NOT NULL AUTO_INCREMENT,
  `id_product` int(11) NOT NULL,
  `id_user` int(11) NOT NULL,
  `date_rated` datetime NOT NULL,
  `points` int(11) NOT NULL,
  `comment` text,
  PRIMARY KEY (`id`)
) ENGINE=InnoDB DEFAULT CHARSET=utf8;

-- Copiando dados para a tabela ecommerce.rates: ~0 rows (aproximadamente)
/*!40000 ALTER TABLE `rates` DISABLE KEYS */;
/*!40000 ALTER TABLE `rates` ENABLE KEYS */;

-- Copiando estrutura para tabela ecommerce.users
CREATE TABLE IF NOT EXISTS `users` (
  `id` int(11) unsigned NOT NULL AUTO_INCREMENT,
  `email` varchar(100) NOT NULL DEFAULT '',
  `password` varchar(32) NOT NULL DEFAULT '',
  `name` varchar(100) DEFAULT NULL,
  `cpf` varchar(14) DEFAULT NULL,
  `street` varchar(100) DEFAULT NULL,
  `num` varchar(5) DEFAULT NULL,
  `complement` varchar(100) DEFAULT NULL,
  `cep` varchar(9) DEFAULT NULL,
  `district` varchar(30) DEFAULT NULL,
  `state` varchar(2) DEFAULT NULL,
  `city` varchar(20) DEFAULT NULL,
  `telephone` varchar(15) DEFAULT NULL,
  `celular` varchar(15) DEFAULT NULL,
  PRIMARY KEY (`id`)
) ENGINE=InnoDB AUTO_INCREMENT=38 DEFAULT CHARSET=utf8;

-- Copiando dados para a tabela ecommerce.users: ~0 rows (aproximadamente)
/*!40000 ALTER TABLE `users` DISABLE KEYS */;
INSERT INTO `users` (`id`, `email`, `password`, `name`, `cpf`, `street`, `num`, `complement`, `cep`, `district`, `state`, `city`, `telephone`, `celular`) VALUES
	(1, 'c88838461471406347555@sandbox.pagseguro.com.br', 'f56aab6f23e5ca75c8ece7c98bc7c5aa', 'Fernando Tiburcio', NULL, 'Carlos Bove', '27', '', '15900000', 'Jardim Beira Rio', 'SP', 'Taquaritinga', '16997277971', NULL),
	(2, 'fernando.tiburcio@gmail.com', 'f672fc05de358ec33ccb4c108b401cc5', 'FERNANDO TIBURCIO', NULL, 'CARLOS BOVE', '27', '', '15900000', 'JARDIM BEIRA RIO', 'SP', 'TAQUARITINGA', '16997277971', NULL),
	(3, 'alejandrospinardi@hotmail.com', '4e7c0efe3d616f6828aaad98a22c47b2', 'alejandro spinardi', NULL, 'av carlos gomes', '111', '1301', '90480-003', 'auxiliadora', 'RS', 'PORTO ALEGRE', '(51)985203787', NULL),
	(4, 'CARLUCIO@CARLUCIO.NET', '73e9adf899f3dd3eeb1ff1717b3e9ffa', 'CARLUCIO JOSE DOS SANTOS', '15236285100', 'Quadra 26 - Conjunto 06 - Lote', '13', 'Casa F', '71745606', 'Nucleo Bandeirante', 'DF', 'Brasilia', '61981110008', NULL),
	(5, 'edineimatias@gmail.com', 'a45958517604f5cd90d6ee51ad9cfdb6', 'EDINEI MATIAS SILVA', '00600541150', 'av perimetral Edificio Itacuruca', '2300', 'qd 09 lt 12 ap 501', '74533020', 'coimbra', 'GO', 'goiania', '62981770063', NULL),
	(6, 'amarildin_js@hotmail.com', '8e7a36ce36bcfb46cfa629db03a5ce72', 'ANA CARLA GEHRING CABRERA SANTOS', '36798830803', 'AVENIDA NICOLINO RAIA', '592', '', '14807081', 'VILA SUCONASA', 'SP', 'ARARAQUARA', '016997268354', NULL),
	(7, 'anacarlacabrera87@gmail.com', '8e7a36ce36bcfb46cfa629db03a5ce72', 'Ana Carla Gehring Cabrera Santos', '36798830803', 'Avenida Nicolino Raia', '592', '', '14807081', 'Vila Suconasa', 'SP', 'Araraquara', '16981041520', NULL),
	(8, 'zemagalhaes1@hotmail.com', '4c0e37b2185f1be5b1a267d449d85ec3', 'jose donizete ferreira magalhaes', '13555560824', 'rua paraguai', '64', 'AP o', '01408040', 'jardim paulista ', 'SP', 'sao paulo', '11981274691', NULL),
	(9, 'alexandre@illuminart.com.br', 'b8b28fcfe009057f2ef7362b1e91fe7a', 'Alexandre Rogério Ficcio ', '17179470856', 'Rua Adão Blassioli ', '50', '', '17209600', 'Santa Rosa', 'SP', 'Jau', '14-99745-9699', NULL),
	(10, 'denisenardi@hotmail.com', '34f568b384df1823ad2b9792cc358938', 'Denise de Nardi costa', '26897072842', 'Rua Adão blassioli', '50', '', '17209600', 'Santa rosa', 'SP', 'Jau', '14-99745-9598', NULL),
	(11, '', '30f94b9363608402e43f7490ac154243', 'denise costa', '268.970.728-42', 'RUA TENENTE LOPES, 210', '', 'RUA TENENTE LOPES, 210', '17201-460', '', 'SP', 'JAU', '14-99745-9598', NULL),
	(12, 'elpidiogava@hotmail.com', '97ea3806764ac9ecc767592ddc030f13', 'elpidio gava', '10584745885', 'rua aurora frota de souza', '416', 'rua aurora frota de souza 416', '13403-844', 'Terras de Piracicaba', 'SP', 'PIRACICABA', '19 33013129', '19981389445'),
	(13, 'olvcosta@gmail.com', '995bb9721c38476a7ccc79d79976fb28', 'OSWALDO LUIZ DO VALLE COSTA', '599.878.127-91', 'Rua Oscar Freire', '1085', '162', '01426003', 'Cerqeuira Cesar', 'SP', 'SÃO PAULO', '1130625244', '11991959797'),
	(14, 'ribas.wanderley@terra.com.br', '821eaacded417ae70b7fca62d11181c4', 'Wanderley Ribas', '11675373604', 'Rua João Tardio', '53', 'Casa', '36046480', 'Bom Clima', 'MG', 'juiz de Fora', '3232251002', '32987015391'),
	(15, 'q_diego@yahoo.com.br', 'b1e90189adbab41142136336fb432258', 'DIEGO SANTOS CARDOZO', '01093311509', 'Av. Rod. dos Naufragos', '8750', 'cond. Morada do Rio', '49004003', 'Robalo(Mosqueiro)', 'SE', 'Aracaju', '(79)3247-1768', '(48)99151-9295'),
	(16, 'delacqua@uol.com.br', 'd41d8cd98f00b204e9800998ecf8427e', 'ALEXANDRE JOSE DEL ACQUA', '21036079880', 'RUA DEZ DE SETEMBRO', '167', 'AP.92', '13010215', 'CENTRO', 'SP', 'CAMPINAS', '19-99262-1898', NULL),
	(17, 'edna.apoliveira@gmail.com', 'd828289075d427bc73d3fb457e7c8b66', 'Edna Aparecida Reis Oliveira', '93420188668', 'Professora Maria Peres', '91', '', '37150000', 'Jardim América', 'MG', 'Carmo do Rio Claro', '35991759252', NULL),
	(18, 'dimas2rn@gmail.com', '4f10b231579905b42b5a5c9ed48867db', 'DIMAS', '008.139.264-83', 'Avenida das Américas', '500', 'CASA 258, COND. GREEN CLUB 3', '59158-150', 'PARQUE DAS NAÇÕES', 'RN', 'Parnamirim', '84996816111', NULL),
	(19, 'anderson_martins371@hotmail.com', '56941209e60401301ec9724dd4bc0479', 'Anderson', '00626720109', 'Rua Santo Antonio', '1794', '', '79750000', 'Centro', 'MS', 'Nova Andradina', '67999078002', NULL),
	(20, 'analuisasavazzi@gmail.com', '3b7f8f68595566ab1d9a819067bc589c', 'Ana Luisa Savazzi', '106.940.858-12', 'Rua Rita Joana de Sousa', '521', '', '04601-061', 'brooklin', 'SP', 'São Paulo', '1155428223', '11959037773'),
	(21, 'luisfpavan@gmail.com', 'd41d8cd98f00b204e9800998ecf8427e', 'Ana Luisa Antunes Savazzi', '10694085812', 'Rua Rita Joana de Sousa, 521', '521', 'Rua Demóstenes', '04601-061', 'Brooklin', 'SP', 'São Paulo', '11-95903-7773', NULL),
	(22, 'lucianolng6@gnail.com', '4501b661b669c7c46486faf2d2ef42f9', 'Luciano Alves De Almeida', '26296353847', 'Rua Serra da Pacaraima ', '125', 'Condominio Terra Magna', '13332758', 'Jd Imirim', 'SP', 'Indaiatuba', '11-97546-2766', NULL),
	(23, 'adilsonrg59@gmail.com', '1878ac12d9be38c1fb8e998c82b37aab', 'Adilson Ribeiro Gomes de Azevedo', '570.493.357-20', 'Rua Tenente Coronel Cardoso, 213', '213', 'Travessa Osvaldo Vasconcelos Luna casa 05', '28010801', 'Centro', 'RJ', 'Campos dos Goytacaze', '', '(22) 999099577'),
	(24, 'renata.a@hotmail.com.br', '55abdd8040915eefaa1a29fc50afe28b', 'Renata Aleixo Teixeira', '219.585.468-52', 'Al. Josephina Brussolo Girotto', '601', 'Condomínio Villarino - casa 418', '14.094-16', 'Pq Lagos', 'SP', 'Ribeirão Preto', '', '16981511424'),
	(25, 'davidsonjss@gmail.com', '05bd36674ea1929eba48509b02f138ca', 'Davidson José Santos Soares', '01248622685', 'Paulo Piedade Campos', '15', 'Apartamento 1001, Torre 1', '30494-060', 'Estoril', 'MG', 'Belo Horizonte', '31-98246-4567', '31982464567'),
	(26, 'corretor@engeplus.com.br', '59255ed9d9cfe81bde137c6e51fe894e', 'Roberto Glislere', '50602420997', 'Rua José Bonifácio', '185', 'Apto 703', '88802-140', 'Centro', 'SC', 'Criciúma', '48-99984-9937', NULL),
	(27, 'geovane.frank@hotmail.com', 'bcc0308930ef11ba82f4b76a9d4f0888', 'geovane lazzarotto frank', '033.383.720-78', 'PINHEIRO MACHADO', '1709', 'CASA', '95340000', 'CENTRO', 'RS', 'NOVA BASSANO', '5432731225', '55991663958'),
	(28, 'eder.souza@medlab.com.br', '9a7acd9250f658852b0aaf3a55105acd', 'Eder Souza', '28777303873', 'Octavio Teixeira Mendes Sobrinho', '35', 'Octavio Teixeira Mendes Sobrinho', '04376070', 'Vila Santa Catarina', 'SP', 'SÃO PAULO', '11-56717-667', NULL),
	(29, 'fdalto@gmail.com', '3c86ddb270471569a6b02000d54b570c', 'Vitor Faeda Dalto', '35249247865', 'Rua Benjamin Anderson Stauffer ', '777', 'Apto 2601 Torre Botanique', '14021-617', 'Jardim Botânico', 'SP', 'Ribeirão Preto', '16-98115-5338', NULL),
	(30, 'laercioant@yahoo.com.br', '9e7dc6d02f94a489bc732ad611c487ec', 'Laércio Antonio Luchtemberg', '52540375987', 'Rua Almirante Tamandaré', '1755', 'ap 62', '80040-110', 'Juvevê', 'PR', 'Curitiba', '', '41 999676032'),
	(31, 'lisierb@hotmail.com', 'ef42ab5ce4186d6a8f73301855eb2d3c', 'lisier bochehin', '00680551026', 'avenida presidente franklin roosevelt', '1381', '', '90230002', 'são geraldo', 'RS', 'Porto Alegre', '+5551992954284', ''),
	(32, 'isaac.camposmac@gmail.com', '093b79d24f32e703738dd99ce8154ee7', 'isaac campos', '01440167613', 'rua satie sakai zaroni', '50', 'apto 102', '37500402', 'nossa senhora da agonia', 'MG', 'itajuba', '35999029456', NULL),
	(33, 'bruno_gruppi@yahoo.com.br', 'ce311274eacc78b7030133120cb21268', 'Bruno Gruppi', '31854238876', 'Rua Coronel Deraldo Jordão', '214', 'ap. 193', '04125030', 'Vila Firmiano Pinto', 'SP', 'São Paulo', '11995964136', NULL),
	(34, 'jayannemuniz@hotmail.com', 'f29aa3aa25c9b4491bd8d5025a118ebe', 'Jatene Keline Da Silva Muniz ', '06005778480', 'Rua Álvaro Gomes Feitosa', '38', 'Próximo a Igreja Advenstista', '55460000', 'Centro', 'PE', 'Cupira', '81-98561-1618', NULL),
	(35, 'recolvendas@gmail.com', 'e852b31fc320aa0fe97c257321d8318b', 'JOÃO ANTONIO DE OLIVEIRA NETO', '74739190320', 'Rua 03 chacara 81 quadra 01 lote', '17', '', '72005-750', 'setor habitacional vicente pir', 'DF', 'Brasilia', '061-33971120', '061-992457732'),
	(36, 'silviassilveiraa@gmail.com', '639d5094279132ed411a4ee60927f989', 'Silvia Santos Silveira ', '05660761607', 'Rua padre Cícero ', '49', 'Casa do cigarro ', '39442012', 'Centro ', 'MG', 'Janauba ', '38-99149-0925', NULL),
	(37, 'feliperibeiro30@gmail.com', '6851d8766ef2e8545056c3741f57a90c', 'FELIPE RIBEIRO', '07645421762', 'Rua Anita Garibaldi', '83', '401', '22041080', 'Copacabana', 'RJ', 'Rio de Janeiro', '21-98113-5916', NULL);
/*!40000 ALTER TABLE `users` ENABLE KEYS */;

-- Copiando estrutura para tabela ecommerce.vitrine
CREATE TABLE IF NOT EXISTS `vitrine` (
  `id` int(11) unsigned NOT NULL AUTO_INCREMENT,
  `secao_exposta` varchar(50) NOT NULL DEFAULT '0',
  `id_secao` int(3) unsigned DEFAULT '0',
  `itens_expostos` int(3) unsigned NOT NULL DEFAULT '0',
  `aleatorio` int(1) unsigned NOT NULL DEFAULT '0',
  `ordem_crescente` int(1) unsigned NOT NULL DEFAULT '1',
  `ordem_decrescente` int(1) unsigned NOT NULL DEFAULT '0',
  PRIMARY KEY (`id`)
) ENGINE=MyISAM DEFAULT CHARSET=latin1;

-- Copiando dados para a tabela ecommerce.vitrine: 0 rows
/*!40000 ALTER TABLE `vitrine` DISABLE KEYS */;
/*!40000 ALTER TABLE `vitrine` ENABLE KEYS */;

/*!40101 SET SQL_MODE=IFNULL(@OLD_SQL_MODE, '') */;
/*!40014 SET FOREIGN_KEY_CHECKS=IF(@OLD_FOREIGN_KEY_CHECKS IS NULL, 1, @OLD_FOREIGN_KEY_CHECKS) */;
/*!40101 SET CHARACTER_SET_CLIENT=@OLD_CHARACTER_SET_CLIENT */;
